,ASSESSED_LAND_VALUE,ASSESSED_TOTAL_VALUE,ASSESSED_IMP_VALUE,ZIP,BATH,BED,AGE,STORIES,GARAGE_TYPE,PARKING,TOTAL_UNITS,POOL,FIREPLACE,PROPERTY_TYPE,LOT_SIZE,FIDELITY_LATITUDE,FIDELITY_LONGITUDE
0,20073.0,27431.0,47504.0,94112,1.0,0,80.0,1,,0,0,,,,3123.0,37.716971,-122.457842
1,61854.0,179704.0,241558.0,95404,3.0,3,103.0,1,,0,3,,1,,7500.0,38.448575,-122.700276
2,416160.0,516038.0,932198.0,95138,3.5,5,3.0,3,G,2,0,,,SFR,4356.0,37.235856,-121.75333899999998
3,48888.0,105675.0,154563.0,94806,2.0,3,45.0,,Y,2,0,,,,7875.0,37.991175,-122.317555
4,111293.0,142707.0,254000.0,94572,2.5,4,17.0,,Y,2,0,,,,7025.0,38.031732,-122.269623
5,63240.0,145447.0,208687.0,95687,2.0,3,17.0,1,G,2,0,,Y,,6098.0,38.351115,-121.959397
6,225574.0,275702.0,501276.0,95124,2.0,3,50.0,1,G,2,0,,,,5663.0,37.260132,-121.937349
7,20884.0,108400.0,129284.0,94544,3.0,5,54.0,1.0,G,0,0,P,,,7158.0,37.613414,-122.038205
8,74562.0,259168.0,333730.0,95070,3.0,6,49.0,2,G,2,0,P,,,10019.0,37.291753,-122.026055
9,315527.0,315527.0,631054.0,94306,2.5,2,16.0,2,G,1,0,B,,,436.0,37.4275,-122.140352
10,274964.0,148626.0,423590.0,94114,1.0,0,,2.0,,0,0,,,,2850.0,37.756806,-122.42549
11,575828.0,121737.0,697565.0,95014,2.0,3,50.0,1,G,2,0,,,,7405.0,37.319596999999995,-122.01596
12,30437.0,91365.0,121802.0,94598,0.0,0,,,,0,4,,,,2895.0,37.909458,-122.047374
13,113824.0,139055.0,252879.0,95139,2.0,3,37.0,1,G,2,0,,,,5663.0,37.227754,-121.763217
14,259147.0,185989.0,445136.0,95117,0.0,0,44.0,1,V,2,2,,Y,,6534.0,37.296344,-121.95415700000001
15,101118.0,113255.0,214373.0,94954,2.0,2,26.0,1.0,,0,1,,1,,4356.0,38.262685,-122.636532
16,125587.0,295946.0,421533.0,94588,3.0,4,13.0,1.5,G,2,0,,,,3825.0,37.690938,-121.865707
17,222000.0,333000.0,555000.0,95050,1.0,3,59.0,1,G,2,0,,,,5663.0,37.353795,-121.96603
18,14638.0,125739.0,140377.0,94513,2.0,3,35.0,,Y,2,0,,,,43296.0,37.926139,-121.679472
19,18998.0,52370.0,71368.0,95132,2.5,5,40.0,2,G,2,0,,,,5663.0,37.410642,-121.872949
20,160091.0,237376.0,397467.0,95407,3.0,3,9.0,2,,0,1,,1,,3692.0,38.427787,-122.7621
21,320576.0,187067.0,507643.0,94941,1.0,3,51.0,,,0,1,,,,18202.0,37.876529,-122.534567
22,154991.0,238066.0,393057.0,95035,3.0,4,,2,G,2,0,,,,436.0,37.444123,-121.898977
23,24942.0,31415.0,56357.0,94580,2.0,3,53.0,1,G,0,0,,,,5005.0,37.668325,-122.145357
24,315132.0,700324.0,1015456.0,94123,4.0,0,71.0,2,,0,0,,,,2500.0,37.80513,-122.434518
25,20073.0,47127.0,67200.0,95128,2.0,3,50.0,1,G,2,0,P,,,6534.0,37.296794,-121.94605800000001
26,138800.0,208200.0,347000.0,95122,2.0,3,48.0,1,,0,0,,,,5227.0,37.3161,-121.816428
27,82941.0,128559.0,211500.0,94519,1.0,3,56.0,,Y,0,0,,,,5400.0,37.990896,-122.02304199999999
28,8948.0,29130.0,38078.0,94536,1.0,2,38.0,1.0,C,0,0,,,,1224.0,37.566918,-121.96923999999999
29,193762.0,452112.0,645874.0,94555,2.5,4,19.0,1.5,G,0,0,,,,3760.0,37.563736,-122.056304
30,107703.0,140689.0,248392.0,94928,2.0,3,18.0,1,,0,1,,1,,4680.0,38.333222,-122.677975
31,52166.0,206334.0,258500.0,94531,3.0,5,14.0,,Y,2,0,,,,6970.0,37.974392,-121.779707
32,69305.0,14172.0,83477.0,94803,1.0,2,63.0,,,0,0,,,,19500.0,37.980899,-122.28118
33,176967.0,185850.0,362817.0,95133,1.5,3,37.0,2,G,2,0,,,,1307.0,37.375832,-121.85923600000001
34,562986.0,499251.0,1062237.0,95138,3.0,5,13.0,1,G,2,0,,,,1.24,37.287257000000004,-121.774732
35,80920.0,188814.0,269734.0,94577,1.0,2,87.0,1.0,G,0,0,,,,6642.0,37.737745000000004,-122.14306200000001
36,445488.0,1039472.0,1484960.0,94539,4.5,4,6.0,2.0,G,3,0,,,,7548.0,37.548683000000004,-121.93560500000001
37,235500.0,120900.0,356400.0,95122,2.0,3,51.0,1,G,1,0,,,,5227.0,37.336379,-121.843227
38,105310.0,465350.0,570660.0,95448,4.0,4,9.0,2,G,2,1,,1,,7241.0,38.622027,-122.86896399999999
39,72862.0,216488.0,289350.0,94568,2.5,4,49.0,1.0,G,0,0,,,,8154.0,37.713395,-121.931982
40,30000.0,148000.0,178000.0,94585,2.0,4,32.0,1,G,2,0,,Y,,5663.0,38.249578,-122.027275
41,34161.0,122247.0,156408.0,94536,0.0,0,32.0,,,0,0,,,,4500.0,37.563132,-122.01183700000001
42,339118.0,213902.0,553020.0,94507,2.5,4,32.0,,Y,2,0,P,,,15000.0,37.845581,-121.98290300000001
43,232800.0,543200.0,776000.0,94542,3.0,5,6.0,1.5,G,3,0,,,,9914.0,37.651667,-122.019127
44,272328.0,226492.0,498820.0,95051,2.0,3,53.0,1,G,2,0,,,,6098.0,37.333859999999994,-121.998274
45,51595.0,122548.0,174143.0,94561,2.0,3,14.0,,Y,2,0,,,,6000.0,37.98194,-121.69657600000001
46,63993.0,113823.0,177816.0,94901,1.0,2,34.0,,,0,1,,,,2135.0,37.965721,-122.508075
47,571473.0,442329.0,1013802.0,95030,4.0,4,56.0,2,M,2,0,,,,1.0,37.230847,-121.99971399999998
48,364169.0,51105.0,415274.0,94040,2.0,3,58.0,1,G,1,0,,,,5663.0,37.391577000000005,-122.100976
49,33700.0,42458.0,76158.0,94579,2.0,3,49.0,1.0,G,0,0,,,,8740.0,37.689472,-122.160401
50,189461.0,284195.0,473656.0,95120,2.0,4,44.0,1,G,2,0,,,,5663.0,37.221292,-121.857651
51,67558.0,131114.0,198672.0,94553,2.0,4,30.0,,,0,0,,,,8100.0,37.996609,-122.095045
52,34500.0,80500.0,115000.0,94621,1.5,4,82.0,1.5,G,0,0,,,,2010.0,37.757521999999994,-122.188414
53,14323.0,57887.0,72210.0,94591,1.0,1,21.0,1,,0,0,,Y,,871.0,38.126154,-122.223451
54,119250.0,219000.0,338250.0,95462,1.0,2,44.0,1.0,,0,1,,,,3920.0,38.473474,-123.000571
55,1425000.0,300010.0,1725010.0,94922,1.0,3,69.0,1.0,,0,1,,,,180.27,38.357745,-122.970684
56,132300.0,308700.0,441000.0,94954,3.0,4,20.0,2,,0,1,,1,,4500.0,38.262375,-122.645432
57,148202.0,345805.0,494007.0,94536,3.0,5,24.0,1.5,G,0,0,,,,5335.0,37.576974,-122.013406
58,131586.0,56231.0,187817.0,94565,2.0,2,80.0,,Y,1,0,,,,5500.0,38.021358,-121.871788
59,234000.0,446000.0,680000.0,94558,2.5,3,25.0,,Y,2,0,P,Y,,22216.0,38.304522,-122.332435
60,379009.0,421991.0,801000.0,94526,2.0,4,57.0,,Y,2,0,,,,11730.0,37.824576,-122.008118
61,57602.0,49068.0,106670.0,94544,1.0,3,58.0,1.0,G,0,0,,,,5300.0,37.657814,-122.07994599999999
62,120449.0,355254.0,475703.0,95112,3.0,4,96.0,1,G,3,0,,,,6534.0,37.352158,-121.877372
63,163078.0,247429.0,410507.0,94609,0.0,0,97.0,,,0,4,,,,7000.0,37.820236,-122.27128400000001
64,12833.0,62194.0,75027.0,94558,2.0,3,53.0,,Y,2,0,,Y,,6534.0,38.323728,-122.301998
65,32700.0,76300.0,109000.0,94605,1.0,2,83.0,1.0,G,0,0,,,,4028.0,37.767281,-122.179577
66,63000.0,288000.0,351000.0,95688,2.5,4,19.0,2,G,2,0,P,Y,,7405.0,38.38705,-121.981081
67,143400.0,334600.0,478000.0,94538,2.0,3,45.0,1.0,G,2,0,,,,5452.0,37.531813,-121.986915
68,80775.0,188476.0,269251.0,94550,2.0,3,47.0,1.0,G,0,0,,,,7834.0,37.686592,-121.74193899999999
69,13320.0,44164.0,57484.0,94585,2.0,3,37.0,1,G,2,0,,Y,,10454.0,38.253949,-122.013304
70,108249.0,292377.0,400626.0,94904,2.0,3,62.0,,Y,1,1,,,,7500.0,37.958964,-122.54869599999999
71,14000.0,41000.0,55000.0,94590,1.0,1,21.0,1,,0,0,,,,871.0,38.122506,-122.270913
72,492180.0,86918.0,579098.0,94085,2.0,3,58.0,1,G,1,0,,,,4792.0,37.388654,-122.017973
73,213613.0,796927.0,1010540.0,95020,4.0,3,22.0,1,G,3,0,,,,2.48,37.036762,-121.50960400000001
74,143700.0,335300.0,479000.0,94605,2.5,3,50.0,1.0,G,0,0,,,,10275.0,37.75569,-122.12131299999999
75,68193.0,239205.0,307398.0,94513,3.0,3,15.0,,Y,3,0,P,,,11475.0,37.942093,-121.714008
76,74319.0,118911.0,193230.0,94544,1.0,3,55.0,1.0,G,0,0,,,,7802.0,37.646294,-122.090286
77,41555.0,116719.0,158274.0,95472,2.0,3,24.0,2,,0,1,,1,,3.49,38.36654,-122.809106
78,82385.0,88577.0,170962.0,94553,1.0,2,36.0,,Y,2,0,,,,2128.0,37.960887,-122.09553799999999
79,47000.0,249000.0,296000.0,94534,3.0,4,37.0,1,G,0,0,,Y,,6970.0,38.266464,-122.06168999999998
80,172076.0,401510.0,573586.0,94555,3.0,4,21.0,1.5,G,0,0,,,,3500.0,37.555183,-122.05621599999999
81,75138.0,73193.0,148331.0,95472,2.0,9,,2,,0,1,,,,13275.0,38.404912,-122.823348
82,65921.0,167361.0,233282.0,94518,2.5,4,43.0,,Y,1,0,,,,6000.0,37.945556,-122.01665
83,146100.0,219200.0,365300.0,95116,2.0,2,79.0,1,G,1,0,,,,6970.0,37.349799,-121.846747
84,1400000.0,940000.0,2340000.0,94920,4.5,5,11.0,,Y,2,1,,,,21166.0,37.886363,-122.46544499999999
85,585161.0,993671.0,1578832.0,94506,3.5,4,19.0,,Y,5,0,P,,,18850.0,37.801708000000005,-121.87894399999999
86,93271.0,161286.0,254557.0,95129,2.0,3,48.0,1,G,2,0,,,,5663.0,37.304426,-121.979408
87,80000.0,160000.0,240000.0,94531,2.5,4,7.0,,Y,2,0,,,,4518.0,37.966377,-121.799733
88,98583.0,37417.0,136000.0,94804,1.0,1,23.0,,Y,1,0,,,,2141.0,37.916302,-122.350379
89,132743.0,309733.0,442476.0,94566,2.0,4,41.0,1.0,G,0,0,P,,,10030.0,37.68065,-121.883747
90,114603.0,111906.0,226509.0,94928,2.0,4,48.0,1.0,,0,1,,1,,7440.0,38.340955,-122.700105
91,92387.0,236253.0,328640.0,94086,2.5,2,18.0,2,G,2,0,P,,,436.0,37.383956,-122.042827
92,62434.0,38932.0,101366.0,94707,2.5,4,85.0,2.0,G,0,0,,,,9702.0,37.898071,-122.277046
93,46198.0,168727.0,214925.0,94589,2.0,4,47.0,1,G,2,0,,Y,,7405.0,38.153873,-122.24852
94,240441.0,318203.0,558644.0,95037,2.5,3,,1,G,0,0,P,,,1.89,37.130062,-121.679998
95,47408.0,27226.0,74634.0,94577,1.5,3,70.0,1.0,G,0,0,,,,6032.0,37.733733,-122.140905
96,131100.0,305900.0,437000.0,94536,2.0,3,56.0,1.0,G,0,0,,,,6600.0,37.557964,-122.021023
97,114576.0,216026.0,330602.0,94521,2.0,3,34.0,,Y,2,0,,,,6000.0,37.955097,-121.987991
98,78267.0,182404.0,260671.0,94578,2.0,3,44.0,1.0,G,0,0,,,,6600.0,37.700135,-122.100472
99,87000.0,203000.0,290000.0,94606,1.0,2,103.0,1.0,,0,0,,,,2820.0,37.789571,-122.22931399999999
100,49000.0,172000.0,221000.0,94591,2.5,3,22.0,2,G,2,0,,Y,,7405.0,38.074809,-122.217441
101,15947.0,34070.0,50017.0,94112,1.0,3,55.0,1,,0,0,,,,2426.0,37.711379,-122.442494
102,12279.0,60903.0,73182.0,95436,2.0,2,39.0,2,,0,1,,,,8018.0,38.492653000000004,-122.89127
103,20073.0,40709.0,60782.0,95035,1.0,3,49.0,1,G,1,0,,,,6534.0,37.461561,-121.90173100000001
104,161125.0,375958.0,537083.0,94539,2.0,4,40.0,1.0,G,0,0,P,,,6000.0,37.483484000000004,-121.91620800000001
105,61134.0,254001.0,315135.0,95403,4.0,8,38.0,2,,0,4,,,,7425.0,38.460278,-122.737525
106,63080.0,141478.0,204558.0,95148,2.5,4,41.0,2,G,2,0,P,,,6970.0,37.343973,-121.79240800000001
107,59445.0,133692.0,193137.0,95139,2.0,3,37.0,1,G,2,0,,,,5663.0,37.228096,-121.756592
108,154064.0,186041.0,340105.0,94521,3.0,4,47.0,,Y,1,0,,,,8000.0,37.972387,-121.985028
109,69117.0,180363.0,249480.0,94619,2.5,3,73.0,2.0,G,0,0,,,,7500.0,37.783091,-122.19601100000001
110,150000.0,60000.0,210000.0,94805,2.0,4,66.0,,Y,1,0,,,,4800.0,37.943752,-122.320902
111,24141.0,103130.0,127271.0,94510,2.5,3,30.0,,G,2,0,,Y,,1742.0,38.069521,-122.17311000000001
112,336565.0,99616.0,436181.0,94122,1.0,0,93.0,2.0,,0,0,,,,2269.0,37.762131,-122.47467900000001
113,63000.0,147000.0,210000.0,95687,2.5,4,32.0,2,G,2,0,,Y,,5663.0,38.339534,-121.958334
114,36943.0,30299.0,67242.0,94132,1.0,0,67.0,1,,0,0,,,,3802.0,37.721685,-122.47324099999999
115,85711.0,128575.0,214286.0,95111,1.0,2,22.0,1,G,2,0,,,,871.0,37.28703,-121.84145
116,24047.0,36873.0,60920.0,94523,1.0,3,58.0,,Y,0,0,,,,5472.0,37.96263,-122.061549
117,85000.0,198000.0,283000.0,94533,2.0,4,7.0,,G,2,0,,Y,,5663.0,38.280987,-122.00612199999999
118,44221.0,85695.0,129916.0,94806,2.0,3,52.0,,Y,2,0,,,,6000.0,37.979172,-122.34711399999999
119,115055.0,118838.0,233893.0,94539,3.0,4,50.0,1.0,G,0,0,,,,6460.0,37.536603,-121.9405
120,62000.0,348000.0,410000.0,94534,3.0,5,9.0,,G,2,0,,Y,,10019.0,38.166258,-122.134272
121,164372.0,383534.0,547906.0,94546,4.0,4,18.0,1.5,G,2,0,,,,6383.0,37.713456,-122.067947
122,195900.0,350300.0,546200.0,95135,2.5,2,10.0,1,G,0,0,,,,2614.0,37.290237,-121.73666499999999
123,350022.0,269240.0,619262.0,94117,3.0,0,87.0,3.0,,0,0,,,,2666.0,37.776270000000004,-122.447011
124,40279.0,88826.0,129105.0,94550,2.0,4,37.0,1.0,G,0,0,P,,,9749.0,37.674232,-121.746104
125,129130.0,301304.0,430434.0,94587,3.0,4,14.0,2.0,G,3,0,,,,7738.0,37.602740000000004,-122.072903
126,15993.0,25703.0,41696.0,94551,1.0,2,62.0,1.0,,0,0,,,,7500.0,37.685666,-121.773975
127,182607.0,256259.0,438866.0,94110,1.0,0,99.0,2,,0,0,,,,2495.0,37.739433,-122.42201599999999
128,274979.0,379027.0,654006.0,95070,2.5,3,48.0,1,G,2,0,,,SFR,12197.0,37.272843,-122.020954
129,68431.0,53069.0,121500.0,94565,1.5,3,31.0,,Y,2,0,,,,6000.0,38.029654,-121.963676
130,97831.0,228272.0,326103.0,94706,2.0,2,57.0,1.0,,0,2,,,,2500.0,37.889006,-122.303435
131,50645.0,38840.0,89485.0,94611,2.5,4,97.0,2.0,G,0,0,,,,7500.0,37.825671,-122.246587
132,63234.0,107611.0,170845.0,95407,3.0,3,43.0,1.0,,0,1,,,,7700.0,38.423832,-122.719225
133,72390.0,80437.0,152827.0,95035,2.0,3,50.0,1,G,2,0,,,,6534.0,37.433907,-121.87676
134,216862.0,505813.0,722675.0,94708,2.0,3,57.0,2.0,G,0,0,,,,4830.0,37.893355,-122.258159
135,90967.0,212256.0,303223.0,94588,2.5,4,22.0,1.5,G,0,0,,,,8635.0,37.697953000000005,-121.859104
136,97500.0,227500.0,325000.0,94551,2.0,3,20.0,1.0,G,0,0,,,,5000.0,37.68473,-121.77774
137,33311.0,103206.0,136517.0,94941,3.0,3,54.0,,,0,3,,,,8100.0,37.880926,-122.532703
138,157452.0,251645.0,409097.0,95121,2.5,3,40.0,2,G,2,0,P,,,5663.0,37.304447,-121.822135
139,28749.0,6283.0,35032.0,94501,1.0,2,119.0,1.0,G,0,0,,,,3432.0,37.7744,-122.277868
140,20614.0,75292.0,95906.0,95008,2.5,4,47.0,1,G,2,0,,,,8276.0,37.281928,-121.92466
141,64246.0,106294.0,170540.0,94086,2.0,4,59.0,1,G,1,0,,,,6098.0,37.384817,-122.037012
142,108809.0,129691.0,238500.0,94509,2.5,4,4.0,,Y,2,0,,,,6645.0,38.004541,-121.779404
143,197976.0,173292.0,371268.0,94116,2.0,0,62.0,1,,0,0,,,,2996.0,37.745404,-122.49608899999998
144,205500.0,479500.0,685000.0,94605,2.5,3,49.0,1.0,G,0,0,,,,22257.0,37.784789,-122.17418899999998
145,141475.0,262740.0,404215.0,94040,2.5,3,30.0,2,G,2,0,,,,1307.0,37.383876,-122.081673
146,58430.0,136337.0,194767.0,94544,2.0,3,53.0,1.0,G,0,0,,,,5040.0,37.653134,-122.09637099999999
147,88316.0,181413.0,269729.0,94572,2.0,4,31.0,,Y,2,0,,,,6000.0,38.025063,-122.24777900000001
148,63194.0,83306.0,146500.0,94565,2.0,4,41.0,,Y,2,0,,,,8162.0,38.007715000000005,-121.901204
149,59452.0,65401.0,124853.0,95492,1.0,3,36.0,1.0,,0,1,,,,6741.0,38.553283,-122.826637
150,118290.0,167978.0,286268.0,94022,2.0,2,33.0,1,G,1,0,,,,1307.0,37.380913,-122.11483999999999
151,81387.0,185613.0,267000.0,94561,2.5,4,4.0,,Y,2,0,P,,,5306.0,37.99964,-121.73733200000001
152,28141.0,84068.0,112209.0,94585,2.5,4,29.0,2,G,2,0,,Y,,5663.0,38.245349,-122.01053600000002
153,411000.0,959000.0,1370000.0,94588,3.5,4,11.0,1.5,G,4,0,,,PUD,20007.0,37.66146,-121.91243
154,690050.0,281836.0,971886.0,94306,2.5,4,43.0,2,M,1,0,,,,4792.0,37.40978,-122.13216200000001
155,29892.0,83584.0,113476.0,94542,3.5,4,41.0,1.0,G,0,0,,,,7110.0,37.653704,-122.03792800000001
156,235200.0,100800.0,336000.0,95112,2.0,2,5.0,1,,0,0,,,,436.0,37.354849,-121.893368
157,78000.0,117100.0,195100.0,95116,1.5,2,32.0,2,C,2,0,,,RES,871.0,37.359477000000005,-121.849271
158,460563.0,300000.0,760563.0,95409,0.0,0,,,,0,1,,,,20473.0,38.482589000000004,-122.65330300000001
159,219593.0,219593.0,439186.0,95051,2.5,4,46.0,2,C,1,0,,,,1307.0,37.344995000000004,-121.988451
160,238583.0,357876.0,596459.0,95008,2.0,4,47.0,1,G,2,0,,,,5663.0,37.279903000000004,-121.964244
161,31391.0,35825.0,67216.0,94518,1.0,3,57.0,,Y,0,0,P,,,21500.0,37.953715,-122.00098899999999
162,22760.0,89761.0,112521.0,94803,2.0,3,57.0,,Y,4,0,,,,25665.0,37.959089,-122.279716
163,72000.0,168000.0,240000.0,94544,2.5,2,19.0,2.5,G,76,0,P,,,2.49,37.648878,-122.081224
164,400778.0,267184.0,667962.0,94131,1.0,0,52.0,1,,0,0,,,,2813.0,37.733031,-122.44221399999999
165,132990.0,153510.0,286500.0,94564,2.0,4,46.0,,Y,2,0,,,,9100.0,38.006806,-122.283373
166,12934.0,33319.0,46253.0,94559,1.5,3,48.0,,Y,2,0,,,,6098.0,38.280722,-122.295658
167,49079.0,114518.0,163597.0,94587,2.5,4,37.0,2.0,G,0,0,,,,1656.0,37.584376,-122.065487
168,32348.0,129682.0,162030.0,94596,1.5,4,67.0,,,0,0,P,,,31030.0,37.880992,-122.03661100000001
169,102157.0,238234.0,340391.0,94560,2.5,4,15.0,1.5,G,2,0,,,,3221.0,37.528001,-122.053228
170,232293.0,110221.0,342514.0,94526,1.0,3,58.0,,Y,1,0,,,MFD,12160.0,37.841427,-121.968678
171,340869.0,328086.0,668955.0,94087,3.0,4,46.0,1,G,2,0,,,,6098.0,37.340113,-122.026399
172,28509.0,58108.0,86617.0,95124,1.5,3,47.0,1,G,2,0,,,,8276.0,37.274601000000004,-121.90928400000001
173,42253.0,92883.0,135136.0,95116,2.0,4,29.0,1,G,2,0,,,,5663.0,37.358663,-121.856458
174,172076.0,258114.0,430190.0,95035,2.0,3,40.0,1,G,2,0,,,,4792.0,37.412725,-121.906869
175,89254.0,142807.0,232061.0,94947,2.0,2,33.0,,,0,1,,,,2132.0,38.083641,-122.550207
176,94994.0,89927.0,184921.0,95405,1.0,2,61.0,1,,0,1,,,,6240.0,38.444342,-122.68951000000001
177,92920.0,240000.0,332920.0,94550,1.5,2,109.0,1.0,G,0,0,,,,7500.0,37.677547,-121.76850300000001
178,109650.0,170537.0,280187.0,94553,2.5,3,15.0,,Y,1,0,,,,4200.0,38.000395000000005,-122.11111499999998
179,54453.0,30463.0,84916.0,94611,2.0,3,86.0,2.0,G,0,0,,,,5000.0,37.829440000000005,-122.238942
180,60011.0,22763.0,82774.0,94608,1.0,2,97.0,1.0,G,0,0,,,,4800.0,37.837939,-122.27656100000002
181,3216718.0,1785725.0,5002443.0,94109,6.0,0,50.0,2.0,,0,0,,,,3641.0,37.803055,-122.419188
182,41860.0,30140.0,72000.0,94804,1.0,2,67.0,,Y,1,0,,,,5000.0,37.922712,-122.353648
183,330000.0,770000.0,1100000.0,94539,2.0,4,35.0,2.0,G,0,0,,,,7622.0,37.560954,-121.953745
184,68043.0,68957.0,137000.0,94804,1.0,2,65.0,,Y,1,0,,,,5000.0,37.94005,-122.33707
185,377568.0,257432.0,635000.0,94526,2.0,3,63.0,,Y,2,0,P,,,15000.0,37.824414000000004,-121.985115
186,33309.0,149191.0,182500.0,94565,2.5,3,19.0,,Y,2,0,,,,3720.0,38.022994,-121.898969
187,25816.0,73899.0,99715.0,95120,2.0,4,41.0,1,G,2,0,,,,7841.0,37.223314,-121.900147
188,107552.0,132448.0,240000.0,94531,2.0,4,16.0,,Y,2,0,,,,12200.0,37.967133000000004,-121.791321
189,56285.0,69639.0,125924.0,94806,2.0,3,44.0,,Y,2,0,,,SFR,7800.0,37.996124,-122.325947
190,37000.0,169000.0,206000.0,94585,2.5,3,31.0,2,G,2,0,,Y,,5663.0,38.248870000000004,-121.99643400000001
191,273448.0,173788.0,447236.0,94110,1.0,0,52.0,1,,0,0,,,,1955.0,37.745526,-122.41730600000001
192,26354.0,35150.0,61504.0,94107,2.0,0,,2.0,,0,0,,,,2495.0,37.762175,-122.393296
193,114827.0,267667.0,382494.0,94611,2.0,3,104.0,1.0,G,0,0,,,,3500.0,37.822521,-122.24699
194,106404.0,272596.0,379000.0,94803,2.5,4,31.0,,Y,2,0,,,,16000.0,37.958805,-122.28026799999999
195,143287.0,176285.0,319572.0,94546,2.0,4,48.0,1.0,C,0,0,,,,10112.0,37.713386,-122.083322
196,23990.0,21134.0,45124.0,94706,1.0,2,70.0,1.0,C,0,0,,,,3800.0,37.886379,-122.291831
197,98547.0,308567.0,407114.0,94923,3.0,3,28.0,1,,0,1,P,1,,9000.0,38.312516,-123.01718000000001
198,240793.0,138207.0,379000.0,94553,3.0,4,47.0,,Y,1,0,,,,8330.0,37.998323,-122.122729
199,75000.0,175000.0,250000.0,94611,1.0,1,35.0,11.0,G,1,0,,,,1.14,37.824655,-122.250142
200,417000.0,178700.0,595700.0,95008,2.5,2,29.0,2,G,2,0,,,,3920.0,37.290066,-121.937874
201,130430.0,195645.0,326075.0,94903,2.0,3,54.0,,Y,2,1,,,,6400.0,38.017121,-122.564476
202,58477.0,46310.0,104787.0,94553,1.0,3,59.0,,,0,0,,,,6500.0,38.008356,-122.09813799999999
203,191133.0,153176.0,344309.0,95014,2.0,3,49.0,1,G,2,0,,,,7405.0,37.327858,-122.01775500000001
204,100200.0,233800.0,334000.0,94587,2.0,3,33.0,,,0,0,,,,6360.0,37.593241,-122.078144
205,38058.0,36146.0,74204.0,94549,2.0,3,55.0,,Y,1,0,,,,12800.0,37.86637,-122.106849
206,179400.0,179600.0,359000.0,95124,2.0,2,24.0,1,G,1,0,,,,871.0,37.264056,-121.940032
207,696150.0,298350.0,994500.0,94110,3.0,0,,3.0,,0,0,,,,2500.0,37.756923,-122.40678500000001
208,540596.0,231682.0,772278.0,95125,2.0,3,78.0,1,G,1,0,,,,5227.0,37.303617,-121.88873400000001
209,142859.0,188580.0,331439.0,94112,1.0,0,57.0,1.0,,0,0,,,,2635.0,37.730057,-122.424706
210,414000.0,276000.0,690000.0,94116,1.0,0,65.0,1,,0,0,,,,3000.0,37.740653,-122.50145
211,67415.0,136887.0,204302.0,95111,2.0,3,10.0,1,G,2,0,,,,5663.0,37.259754,-121.79496200000001
212,65571.0,91074.0,156645.0,95436,1.0,3,,1,G,5,1,,,,14640.0,38.474895000000004,-122.89050300000001
213,185988.0,278982.0,464970.0,94901,2.5,3,48.0,,Y,2,1,,,,6600.0,37.967636,-122.500544
214,103452.0,154165.0,257617.0,94598,2.0,3,45.0,,Y,2,0,,,,10058.0,37.924651000000004,-122.014886
215,238703.0,459507.0,698210.0,95136,3.0,5,10.0,2,G,2,0,,,,6098.0,37.260556,-121.85653500000001
216,39127.0,134148.0,173275.0,95120,2.0,3,33.0,1,G,2,0,,,,6098.0,37.230123,-121.86813400000001
217,22156.0,88951.0,111107.0,94550,2.0,4,40.0,1.0,G,0,0,,,,7350.0,37.657683,-121.77823400000001
218,331222.0,220812.0,552034.0,94124,1.0,0,102.0,1.0,,0,0,,,,2500.0,37.737483000000005,-122.387251
219,46384.0,100350.0,146734.0,94561,2.0,3,30.0,,Y,2,0,,,,6060.0,37.987904,-121.71748999999998
220,259457.0,335529.0,594986.0,95020,3.5,5,6.0,2,Y,2,0,,,,3485.0,37.003251,-121.612545
221,386800.0,165600.0,552400.0,95118,2.0,4,45.0,1,G,1,0,P,,,5663.0,37.254919,-121.882342
222,120316.0,146184.0,266500.0,94513,2.0,3,12.0,,Y,2,0,,,,5500.0,37.921544,-121.717642
223,438400.0,292300.0,730700.0,95054,3.0,5,12.0,2,G,2,0,,,,3485.0,37.397649,-121.96288999999999
224,1082432.0,362614.0,1445046.0,95030,1.0,2,99.0,1+B,G,1,0,,,,6970.0,37.228404,-121.98087
225,56487.0,130062.0,186549.0,94591,2.0,3,21.0,1,G,2,0,,Y,,6098.0,38.090323,-122.20419299999999
226,177832.0,232732.0,410564.0,94122,2.0,0,94.0,2,,0,0,,,,3000.0,37.761225,-122.50472
227,67314.0,157067.0,224381.0,94546,2.0,2,18.0,3.0,G,1,0,B,,,2.3699999,37.687489,-122.08911699999999
228,628619.0,239644.0,868263.0,94303,3.0,5,59.0,1,G,2,0,,,,8276.0,37.446386,-122.135741
229,140059.0,134406.0,274465.0,94131,2.0,0,45.0,1,,0,0,,,,1955.0,37.741996,-122.431436
230,33800.0,39231.0,73031.0,95051,1.0,2,38.0,1,C,1,0,,,,436.0,37.342596,-121.977002
231,70846.0,61516.0,132362.0,94118,2.0,0,99.0,2,,0,0,,,,2996.0,37.780087,-122.458679
232,41027.0,71382.0,112409.0,94928,2.0,4,41.0,1,,0,1,,1,,8888.0,38.333763,-122.69625400000001
233,184008.0,159153.0,343161.0,94544,2.5,4,17.0,2.0,G,3,0,,,,3600.0,37.648365000000005,-122.075451
234,30213.0,84712.0,114925.0,94903,2.5,3,52.0,,Y,2,1,,,,7500.0,38.0044,-122.522153
235,393640.0,196256.0,589896.0,95117,2.0,3,49.0,1,G,1,0,,,,6098.0,37.309898,-121.96163600000001
236,486959.0,322608.0,809567.0,95014,4.0,6,59.0,1,G,2,0,,,,9148.0,37.329282,-122.042
237,1750900.0,267700.0,2018600.0,94022,3.0,4,47.0,1,G,2,0,P,,,1.0,37.356506,-122.11999499999999
238,29506.0,75880.0,105386.0,94803,1.5,2,37.0,,Y,2,0,,,,1160.0,37.982690000000005,-122.30766799999999
239,76500.0,178500.0,255000.0,94551,1.0,2,27.0,,G,0,0,,,,5426.0,37.711964,-121.746623
240,168702.0,393638.0,562340.0,94536,3.0,4,20.0,1.5,G,0,0,,,,3518.0,37.563326,-121.96990900000002
241,195000.0,455000.0,650000.0,94566,2.5,4,46.0,2.0,G,0,0,,,,8844.0,37.650393,-121.876021
242,236800.0,193800.0,430600.0,95035,2.5,2,9.0,3,G,1,0,,,,1307.0,37.41813,-121.901127
243,40709.0,163253.0,203962.0,94086,0.0,0,40.0,2,V,4,4,,Y,,9148.0,37.354669,-122.00441
244,15202.0,22815.0,38017.0,94565,1.0,2,58.0,,,0,0,,,,5000.0,38.020961,-121.8933
245,212936.0,465001.0,677937.0,94024,3.0,4,17.0,2,G,2,0,,,,12632.0,37.351483,-122.101123
246,48000.0,162000.0,210000.0,95687,2.5,4,32.0,2,G,2,0,,Y,,5663.0,38.337533,-121.96045900000001
247,52168.0,131735.0,183903.0,94561,2.0,4,14.0,,Y,2,0,,,,6015.0,37.999115,-121.72338300000001
248,495981.0,357043.0,853024.0,94024,2.0,3,50.0,1,G,2,0,,,,9583.0,37.339555,-122.065651
249,226300.0,121100.0,347400.0,95122,2.0,3,32.0,1,G,2,0,,,,6970.0,37.322117,-121.84811100000002
250,44394.0,83606.0,128000.0,94565,1.0,3,31.0,,Y,2,0,,,,6000.0,38.016134,-121.924264
251,46500.0,108500.0,155000.0,94603,1.0,3,62.0,1.0,G,0,0,,,,4508.0,37.739709000000005,-122.171067
252,23208.0,53177.0,76385.0,94518,2.0,3,42.0,,Y,2,0,,,,8080.0,37.940923,-122.028283
253,83847.0,198620.0,282467.0,94559,2.0,3,14.0,,Y,2,0,,1,,6534.0,38.276003,-122.285867
254,34246.0,59904.0,94150.0,94121,2.0,0,83.0,2,,0,0,,,,2622.0,37.772268,-122.494238
255,400000.0,200000.0,600000.0,94558,1.5,2,47.0,,C,2,0,,,,1.0,38.292984000000004,-122.223155
256,350162.0,57421.0,407583.0,94043,2.0,4,47.0,1,G,2,0,,,,6098.0,37.406114,-122.073104
257,17739.0,18813.0,36552.0,94572,1.0,3,72.0,,Y,1,0,,,,5800.0,38.034975,-122.2641
258,446900.0,148900.0,595800.0,95124,2.0,3,54.0,1,G,1,0,,,,5663.0,37.264437,-121.925005
259,26643.0,128234.0,154877.0,94945,3.0,4,40.0,,Y,2,1,P,,,7475.0,38.115993,-122.60228400000001
260,28845.0,34944.0,63789.0,94131,1.0,0,51.0,1.0,,0,0,,,,2774.0,37.75635,-122.448573
261,88022.0,240478.0,328500.0,94509,2.5,4,8.0,,Y,2,0,,,,6490.0,37.972177,-121.79343300000001
262,53225.0,126059.0,179284.0,94702,1.0,2,81.0,1.5,G,0,0,,,,3885.0,37.852221,-122.28026200000001
263,193503.0,230785.0,424288.0,94598,3.0,4,37.0,,Y,2,0,,,,8505.0,37.931862,-122.01601699999999
264,24739.0,73045.0,97784.0,95070,2.5,4,59.0,1,,0,0,,,,9583.0,37.282393,-121.994822
265,103075.0,240298.0,343373.0,94588,3.0,3,24.0,1.5,G,0,0,,,,4568.0,37.682228,-121.870158
266,282232.0,188154.0,470386.0,94134,1.0,2,71.0,1,,0,0,,,,1800.0,37.726318,-122.40333600000001
267,63240.0,156517.0,219757.0,95620,2.0,3,13.0,1,G,2,0,,Y,,6098.0,38.467029,-121.825484
268,92250.0,215250.0,307500.0,94541,3.0,3,5.0,1.5,G,2,0,,,,1426.0,37.666668,-122.083825
269,85477.0,158072.0,243549.0,94501,1.0,2,84.0,1.5,G,0,0,,,,2409.0,37.768584000000004,-122.25176299999998
270,244110.0,199727.0,443837.0,95008,2.0,2,28.0,3,G,1,0,,,,871.0,37.274853,-121.970402
271,28289.0,104909.0,133198.0,94553,2.0,3,44.0,,Y,2,0,P,,,7200.0,38.006553000000004,-122.10410300000001
272,51388.0,147102.0,198490.0,94904,2.0,3,35.0,,Y,2,1,,,,1.1799998999999999,37.943592,-122.56411100000001
273,85216.0,113216.0,198432.0,95401,2.0,3,33.0,1,,0,1,,1,,6000.0,38.434904,-122.7497
274,252946.0,286416.0,539362.0,95125,2.0,3,67.0,1,G,2,0,,,,6534.0,37.298029,-121.89984
275,242870.0,369455.0,612325.0,95032,3.0,3,30.0,1,G,2,0,B,,,10019.0,37.247913,-121.95210700000001
276,28122.0,83360.0,111482.0,95148,2.0,4,41.0,1,G,2,0,,,,7841.0,37.325678,-121.799995
277,40630.0,61981.0,102611.0,94526,2.0,3,53.0,,Y,2,0,,,,10370.0,37.842676000000004,-121.971571
278,737100.0,184200.0,921300.0,95129,2.0,4,44.0,1,G,2,0,,,,5663.0,37.307354,-121.99735600000001
279,22944.0,64028.0,86972.0,95111,2.0,4,50.0,1,G,2,0,,,,4792.0,37.285023,-121.82911000000001
280,10064.0,29601.0,39665.0,94591,1.0,2,67.0,2,G,1,0,,,,11326.0,38.077220000000004,-122.228077
281,74374.0,200326.0,274700.0,94803,2.5,5,30.0,,Y,2,0,,,,10206.0,37.976254,-122.271349
282,176323.0,173677.0,350000.0,94521,2.0,4,48.0,,Y,1,0,P,,,9400.0,37.970008,-121.98635300000001
283,190250.0,364750.0,555000.0,95409,2.0,4,14.0,1,,0,1,,2,,9768.0,38.465238,-122.66708700000001
284,1623648.0,595337.0,2218985.0,94024,3.0,4,13.0,2,G,1,0,,,,10019.0,37.369547,-122.097652
285,539946.0,359964.0,899910.0,94132,1.0,3,69.0,1,,0,0,,,SFR,3598.0,37.731727,-122.474676
286,87937.0,240330.0,328267.0,94941,3.0,4,47.0,,,0,1,,,,7636.0,37.900931,-122.54640500000001
287,119000.0,203000.0,322000.0,94559,3.0,3,4.0,,Y,2,0,,1,,2879.0,38.289485,-122.285215
288,87868.0,92896.0,180764.0,94109,5.0,0,103.0,3.0,,0,0,,,,2775.0,37.795391,-122.419017
289,17567.0,51879.0,69446.0,94568,2.0,4,46.0,1.0,G,0,0,,,,7041.0,37.722649,-121.934295
290,87723.0,204688.0,292411.0,94541,1.5,3,68.0,1.0,G,0,0,,,,9600.0,37.683796,-122.060747
291,950000.0,1200000.0,2150000.0,94526,6.5,5,52.0,,Y,2,0,P,,,1.33,37.819972,-122.005424
292,170737.0,231380.0,402117.0,95037,3.0,4,13.0,2,G,2,0,,,,7405.0,37.104653000000006,-121.63864299999999
293,51713.0,50306.0,102019.0,94536,2.0,4,58.0,1.0,G,0,0,,,,9000.0,37.560712,-121.9967
294,220438.0,330656.0,551094.0,95132,2.0,4,37.0,1,G,2,0,,,,5663.0,37.406149,-121.858677
295,21130.0,136038.0,157168.0,94937,2.0,1,30.0,,,0,1,,,,11150.0,38.103149,-122.862183
296,37317.0,49312.0,86629.0,94546,2.5,3,52.0,1.5,G,0,0,,,,6902.0,37.715688,-122.078447
297,91475.0,105675.0,197150.0,95035,2.0,3,32.0,1,G,2,0,,,,6098.0,37.430403000000005,-121.86761399999999
298,222750.0,345250.0,568000.0,95403,2.0,3,39.0,2,,0,1,,1,,19500.0,38.510811,-122.74613000000001
299,30939.0,81162.0,112101.0,95148,2.0,3,38.0,1,G,2,0,,,,5663.0,37.314536,-121.800252
300,95475.0,189711.0,285186.0,95403,3.0,4,19.0,2,,0,1,,1,SFR,6970.0,38.481238,-122.752903
301,18468.0,32938.0,51406.0,94536,1.0,4,45.0,1.0,G,0,0,,,,3900.0,37.556114,-122.00471
302,14596.0,51484.0,66080.0,94558,2.0,3,51.0,,Y,2,0,,Y,,10890.0,38.311343,-122.344023
303,18100.0,48604.0,66704.0,95136,2.5,5,46.0,1,G,2,0,,,,15682.0,37.262004,-121.87054199999999
304,70734.0,141266.0,212000.0,94531,2.5,3,17.0,,Y,2,0,,,,6250.0,37.962001,-121.768056
305,78195.0,190305.0,268500.0,94531,3.0,5,8.0,,Y,2,0,,,,6077.0,37.981268,-121.75921299999999
306,19829.0,15519.0,35348.0,94608,1.0,2,103.0,1.0,G,0,0,,,,4017.0,37.842636,-122.274864
307,188392.0,257433.0,445825.0,95476,4.0,4,9.0,1.0,,0,2,,2,,9710.0,38.295264,-122.47043300000001
308,55194.0,126213.0,181407.0,94803,2.0,3,67.0,,Y,4,0,,,,7500.0,37.963145000000004,-122.308805
309,46000.0,118000.0,164000.0,94533,2.0,4,38.0,1,G,2,0,,Y,,5663.0,38.26995,-122.008298
310,298066.0,198708.0,496774.0,94112,2.0,0,39.0,1.0,,0,0,,,,2809.0,37.719225,-122.45218999999999
311,37195.0,77097.0,114292.0,94585,3.0,4,27.0,1,G,2,0,,Y,,6970.0,38.246349,-121.985693
312,252917.0,106083.0,359000.0,94519,1.5,3,54.0,,,0,0,P,,,18200.0,37.985812,-122.00044399999999
313,222276.0,142911.0,365187.0,93109,1.75,4,53.0,1,G,0,0,,1,,10454.0,34.409349,-119.74005600000001
314,75582.0,66963.0,142545.0,94544,1.5,3,53.0,1.0,G,0,0,,,,5720.0,37.627564,-122.071152
315,280500.0,102000.0,382500.0,95132,2.0,3,36.0,1,G,2,0,,,,4792.0,37.404899,-121.882318
316,59369.0,138529.0,197898.0,94578,2.0,3,84.0,1.0,,0,2,,,,6250.0,37.711464,-122.120971
317,635792.0,716603.0,1352395.0,94954,0.0,0,,,,0,0,,,,10.68,38.272724,-122.61484399999999
318,124613.0,290765.0,415378.0,94611,2.0,4,38.0,1.0,G,0,0,,,,6000.0,37.829479,-122.19051699999999
319,109407.0,64102.0,173509.0,94546,1.0,3,55.0,1.0,G,0,0,,,,5016.0,37.700406,-122.062177
320,343297.0,251291.0,594588.0,94024,2.5,5,57.0,1,G,2,0,,,,9583.0,37.342538,-122.067884
321,24741.0,43781.0,68522.0,94901,2.0,4,72.0,,Y,1,1,,,,8880.0,37.977311,-122.53976599999999
322,46662.0,104526.0,151188.0,95404,3.0,4,33.0,1,,0,1,,2,,5.3499999,38.493891,-122.68072099999999
323,27050.0,109049.0,136099.0,94589,2.0,3,30.0,1,G,2,0,,Y,,9583.0,38.153591,-122.233883
324,363696.0,242463.0,606159.0,94134,1.0,0,85.0,1.0,,0,0,,,,2996.0,37.722120000000004,-122.40148400000001
325,228500.0,352400.0,580900.0,95035,3.0,4,31.0,2,G,2,0,,,,5663.0,37.444638,-121.90311399999999
326,163400.0,245200.0,408600.0,95020,3.0,4,14.0,2,G,2,0,,,,6098.0,37.023889000000004,-121.605426
327,75799.0,136444.0,212243.0,95120,2.0,1,47.0,1,G,2,0,,,,5663.0,37.226968,-121.863091
328,518700.0,174700.0,693400.0,95008,1.0,3,62.0,1,G,2,0,,,,7841.0,37.287276,-121.955402
329,79197.0,160504.0,239701.0,95620,2.0,4,16.0,1,G,2,0,,Y,,8276.0,38.446528,-121.848069
330,36932.0,72108.0,109040.0,95401,1.0,3,103.0,1.0,,0,1,,,,5544.0,38.434065999999994,-122.71897
331,2922566.0,420000.0,3342566.0,94022,2.0,6,49.0,1,C,2,0,P,,,2.24,37.369459,-122.165224
332,103199.0,220450.0,323649.0,95023,0.0,0,,,,0,0,,,,10000.0,36.840968,-121.401623
333,118425.0,276325.0,394750.0,94954,3.0,4,31.0,2,,0,1,,1,,7000.0,38.256441,-122.623281
334,51517.0,100246.0,151763.0,94947,2.0,3,45.0,,Y,2,1,,,,12000.0,38.108072,-122.61232
335,48061.0,88389.0,136450.0,94544,1.5,3,37.0,2.0,G,0,0,,,,1666.0,37.626211,-122.06570500000001
336,264000.0,176000.0,440000.0,94124,1.0,0,65.0,1,,0,0,,,,2495.0,37.728649,-122.39053899999999
337,15230.0,38013.0,53243.0,95035,2.0,3,42.0,1,G,2,0,,,,4792.0,37.407861,-121.905822
338,514624.0,421186.0,935810.0,95120,2.5,4,30.0,2,G,2,0,,,,17860.0,37.205659000000004,-121.840607
339,30433.0,69473.0,99906.0,94596,2.5,4,50.0,,Y,2,0,,,,18144.0,37.886754,-122.046127
340,169215.0,394431.0,563646.0,94587,3.0,5,10.0,1.5,G,3,0,,,,5764.0,37.59356,-122.007127
341,322700.0,83800.0,406500.0,95128,1.0,2,84.0,1,G,1,0,,,,3920.0,37.322674,-121.926804
342,64500.0,150500.0,215000.0,94621,2.0,4,,,,0,2,,,MFD,4200.0,37.76328,-122.193767
343,121737.0,104149.0,225886.0,94599,2.0,2,59.0,,Y,2,0,,,,3920.0,38.401111,-122.357091
344,51006.0,140918.0,191924.0,95687,2.0,3,20.0,1,G,2,0,,Y,,6970.0,38.319542,-121.96435600000001
345,13624.0,39945.0,53569.0,94560,1.5,3,48.0,1.0,G,0,0,,,,6000.0,37.547472,-122.03146799999999
346,199999.0,252145.0,452144.0,94564,3.0,4,19.0,,Y,2,0,,,,2.0899999,37.992091,-122.26846699999999
347,137684.0,206770.0,344454.0,95054,2.5,3,11.0,2,G,2,0,,,,1742.0,37.399652,-121.961751
348,131989.0,212203.0,344192.0,94510,2.0,3,4.0,1,G,3,0,,Y,,5227.0,38.06113,-122.173195
349,217868.0,163632.0,381500.0,94521,2.0,4,40.0,,Y,2,0,P,,,7000.0,37.941426,-121.958265
350,234615.0,245923.0,480538.0,95116,0.0,0,49.0,1,V,2,2,,,,5663.0,37.352902,-121.835295
351,75636.0,187216.0,262852.0,95687,3.0,5,21.0,2,G,2,0,,Y,,7841.0,38.358826,-121.95243400000001
352,18998.0,23661.0,42659.0,95014,1.0,2,56.0,1,C,1,0,,,,5663.0,37.313461,-122.003872
353,49197.0,114458.0,163655.0,94610,2.0,1,40.0,25.0,G,0,0,B,,,18700.0,37.808333000000005,-122.255058
354,2397000.0,1836000.0,4233000.0,94303,4.0,6,8.0,2+B,G,2,0,,,SFR,9148.0,37.441137,-122.13678300000001
355,42084.0,84262.0,126346.0,95121,2.5,3,30.0,2,G,2,0,,,,1307.0,37.304892,-121.808278
356,90652.0,211304.0,301956.0,94588,2.0,4,41.0,1.0,G,0,0,,,,6499.0,37.687215,-121.90756100000002
357,702076.0,175517.0,877593.0,95125,3.0,5,59.0,1,G,1,0,,,,5663.0,37.299518,-121.88194299999999
358,18998.0,41782.0,60780.0,95035,2.0,3,43.0,1,G,2,0,,,,5227.0,37.42244,-121.87401499999999
359,141198.0,253422.0,394620.0,95120,2.0,4,22.0,1,G,2,0,,,,16553.0,37.208474,-121.84780500000001
360,21523.0,41292.0,62815.0,94533,2.0,4,59.0,1,G,2,0,,Y,,6098.0,38.254949,-122.041334
361,944305.0,525695.0,1470000.0,94526,3.0,4,3.0,,Y,3,0,,,,22215.0,37.823373,-122.007427
362,45278.0,36222.0,81500.0,94801,2.0,3,15.0,,Y,1,0,,,,5200.0,37.955309,-122.364942
363,173588.0,179788.0,353376.0,95135,2.0,3,36.0,1,G,2,0,,,,6970.0,37.294472,-121.765775
364,101430.0,101982.0,203412.0,95051,1.0,3,55.0,1,G,1,0,,,,5227.0,37.36818,-121.984804
365,137475.0,320775.0,458250.0,95403,3.0,3,11.0,2,,0,1,,1,,6037.0,38.473764,-122.744142
366,19893.0,43936.0,63829.0,95118,2.0,4,45.0,1,G,1,0,,,,7841.0,37.264618,-121.889195
367,288058.0,236100.0,524158.0,94022,3.0,4,54.0,1,G,2,0,,,,9583.0,37.399496,-122.12185900000001
368,18658.0,36746.0,55404.0,94545,2.0,3,52.0,1,G,0,0,,,,5500.0,37.632882,-122.099084
369,80690.0,149310.0,230000.0,94509,2.5,3,22.0,,Y,2,0,,,,6240.0,37.982089,-121.792522
370,614296.0,506204.0,1120500.0,94506,2.5,4,20.0,,Y,2,0,P,,,13600.0,37.799328,-121.931903
371,15070.0,53263.0,68333.0,94559,2.0,3,66.0,,Y,1,0,P,Y,,9148.0,38.286684,-122.296623
372,162600.0,379400.0,542000.0,94541,3.0,4,2.0,1.5,G,2,0,,,,5719.0,37.683469,-122.056726
373,29972.0,47590.0,77562.0,94970,2.0,2,60.0,,,0,1,,,,35200.0,37.90155,-122.639531
374,4184.0,11043.0,15227.0,95436,1.0,2,45.0,1,,0,1,,1,,1.41,38.492353,-122.929749
375,128990.0,162536.0,291526.0,94112,1.0,0,69.0,1,,0,0,,,,1999.0,37.717857,-122.44608400000001
376,21409.0,94733.0,116142.0,94947,3.0,5,49.0,,Y,2,1,P,,SFR,7500.0,38.086352000000005,-122.565799
377,57657.0,134533.0,192190.0,94546,1.0,2,61.0,1.0,G,0,0,,,,4720.0,37.691475,-122.069158
378,362950.0,297066.0,660016.0,95120,2.5,4,29.0,2,G,2,0,,,,7405.0,37.231288,-121.89916399999998
379,44731.0,75668.0,120399.0,94941,2.0,3,58.0,,Y,1,1,,,,11645.0,37.891735,-122.505707
380,89155.0,208030.0,297185.0,94541,2.0,4,81.0,2,,0,2,,,,2280.0,37.672470000000004,-122.07868799999999
381,83853.0,242852.0,326705.0,95688,3.0,4,43.0,2,G,2,0,P,Y,,11326.0,38.357761,-121.996445
382,303958.0,213041.0,516999.0,95148,2.0,4,37.0,1,G,2,0,,,,5663.0,37.316031,-121.798616
383,260898.0,494334.0,755232.0,94941,2.5,3,18.0,,Y,2,1,,,,8850.0,37.900531,-122.556679
384,69389.0,94237.0,163626.0,94043,1.5,2,35.0,2,C,1,0,,,,436.0,37.401647,-122.09176699999999
385,107976.0,82024.0,190000.0,94553,1.0,3,56.0,,Y,1,0,,,,5400.0,38.014536,-122.088668
386,109562.0,128233.0,237795.0,94519,2.0,3,56.0,,Y,1,0,,,,6300.0,37.990474,-122.030529
387,66243.0,138801.0,205044.0,94903,2.0,4,55.0,,Y,2,1,,,,6500.0,38.014506,-122.55313899999999
388,180000.0,105000.0,285000.0,95127,1.0,3,58.0,1,G,1,0,,,,5227.0,37.361949,-121.819769
389,430500.0,184400.0,614900.0,95124,2.0,3,50.0,1,G,2,0,,,,7841.0,37.26392,-121.91328600000001
390,157964.0,368584.0,526548.0,94542,2.5,4,37.0,2.0,G,0,0,,,,6901.0,37.653284,-122.027833
391,332681.0,186243.0,518924.0,95123,3.0,3,41.0,1,G,2,0,,,,5663.0,37.238593,-121.80811100000001
392,172001.0,258004.0,430005.0,95120,2.5,3,29.0,2,G,2,0,,,,2614.0,37.232951,-121.882296
393,150010.0,348599.0,498609.0,95492,3.0,4,20.0,2,,0,1,,2,,16720.0,38.555914,-122.784729
394,70972.0,70575.0,141547.0,95112,1.0,2,87.0,1,G,1,0,,,,5663.0,37.353334000000004,-121.882157
395,237396.0,152176.0,389572.0,95472,2.0,3,55.0,1,,0,1,,1,,4.4699998,38.391364,-122.878529
396,62802.0,58698.0,121500.0,94561,1.0,2,94.0,,Y,1,0,,,MFD,5400.0,37.994728,-121.70946
397,730641.0,93727.0,824368.0,95051,2.0,3,51.0,1,G,2,0,P,,,8712.0,37.362851,-121.98824599999999
398,28748.0,18277.0,47025.0,94542,1.0,3,63.0,1.0,,0,0,,,,16821.0,37.656572,-122.041425
399,173758.0,480714.0,654472.0,94901,3.5,4,66.0,,Y,2,1,,,,5000.0,37.974116,-122.541292
400,57427.0,49219.0,106646.0,94110,1.0,1,102.0,1,,0,0,,,,1956.0,37.735006,-122.41361699999999
401,274640.0,88565.0,363205.0,94595,2.0,3,60.0,,Y,1,0,,,,11050.0,37.889591,-122.05972
402,156510.0,113464.0,269974.0,94110,1.0,0,,1,,0,0,,,,3063.0,37.751327,-122.414148
403,323800.0,80900.0,404700.0,95128,1.0,2,95.0,1,,0,0,,,,5663.0,37.32083,-121.9226
404,84101.0,146706.0,230807.0,94526,2.5,3,37.0,,Y,2,0,,,,1564.0,37.79187,-121.978371
405,136950.0,228258.0,365208.0,95123,2.0,3,32.0,1,G,2,0,,,,9583.0,37.229328,-121.834079
406,20370.0,56115.0,76485.0,94703,2.0,3,81.0,1.5,G,0,0,,,,3440.0,37.860013,-122.275494
407,382500.0,126900.0,509400.0,94089,2.0,3,51.0,1,G,1,0,,,,5227.0,37.396109,-121.99241699999999
408,29142.0,37647.0,66789.0,95462,1.0,1,46.0,1.0,,0,1,,1,,3640.0,38.469097,-123.003326
409,17922.0,21509.0,39431.0,94124,1.0,0,62.0,1.0,,0,0,,,,2456.0,37.734376,-122.398556
410,41247.0,86999.0,128246.0,94122,1.0,2,68.0,1.0,V,0,0,,,,2169.0,37.753591,-122.500964
411,249213.0,562852.0,812065.0,94506,3.5,5,26.0,,Y,5,0,P,,,19600.0,37.816909,-121.914022
412,96522.0,127093.0,223615.0,94116,1.0,0,62.0,1,,0,0,,,,3000.0,37.750289,-122.502137
413,160937.0,95442.0,256379.0,95051,2.0,3,55.0,1,G,2,0,,,,4792.0,37.327794,-121.981505
414,47568.0,95677.0,143245.0,94549,2.0,4,48.0,,Y,2,0,P,,SFR,11000.0,37.863304,-122.089196
415,170676.0,396865.0,567541.0,94552,3.0,4,10.0,1.5,G,3,0,,,,5584.0,37.714755,-122.01584299999999
416,69731.0,131133.0,200864.0,94086,1.5,2,35.0,2,G,2,0,,,,436.0,37.366673,-122.021526
417,46000.0,147000.0,193000.0,94585,2.0,3,26.0,1,G,2,0,,Y,SFR,8712.0,38.244049,-121.990357
418,166118.0,233156.0,399274.0,94582,3.0,3,20.0,,Y,2,0,,,,3960.0,37.774163,-121.949995
419,60559.0,81381.0,141940.0,94518,2.0,3,47.0,,Y,1,0,,,,11200.0,37.949029,-122.037935
420,887400.0,591600.0,1479000.0,94965,2.5,2,58.0,,,0,1,,,,13054.0,37.85738,-122.49223700000002
421,32991.0,69416.0,102407.0,95070,2.5,4,53.0,2,G,2,0,,,,8276.0,37.265719,-121.990711
422,440517.0,282205.0,722722.0,94506,3.0,4,14.0,,Y,2,0,,,,4825.0,37.795206,-121.92005900000001
423,74503.0,173841.0,248344.0,94555,2.0,2,22.0,2.0,,0,0,,,,7.599999900000001,37.563016,-122.04351399999999
424,40206.0,175518.0,215724.0,94510,2.0,3,24.0,2,G,2,0,,Y,,12632.0,38.083636,-122.17058600000001
425,453000.0,253600.0,706600.0,95129,2.0,3,,1,G,2,0,,,,436.0,37.32165,-121.98636299999998
426,92387.0,171510.0,263897.0,94930,2.0,2,89.0,,Y,1,2,,,,4000.0,37.98661,-122.580149
427,258300.0,110700.0,369000.0,95112,1.5,1,9.0,2,G,2,0,,,,2614.0,37.34267,-121.894149
428,134025.0,312725.0,446750.0,94954,0.0,0,,,,0,1,,,,3114.0,38.258683000000005,-122.646002
429,374521.0,249678.0,624199.0,94112,1.0,0,81.0,1,,0,0,,,,2435.0,37.730135,-122.430233
430,21171.0,15968.0,37139.0,94621,1.0,2,83.0,1.5,G,0,0,,,,2755.0,37.758218,-122.17804299999999
431,494862.0,529502.0,1024364.0,95135,4.0,5,7.0,2,G,3,0,,,,7841.0,37.305858,-121.77213799999998
432,210093.0,14000.0,224093.0,95008,1.0,2,61.0,1,C,0,0,,,,9583.0,37.269721000000004,-121.94286799999999
433,84316.0,208548.0,292864.0,94621,2.0,4,89.0,1.0,G,2,2,,,,4620.0,37.754476000000004,-122.179336
434,39658.0,77596.0,117254.0,94559,2.0,4,35.0,,Y,2,0,,Y,,6534.0,38.283839,-122.25846999999999
435,49244.0,137938.0,187182.0,94510,0.0,0,,,,0,0,,,,20.0,38.121964,-122.106132
436,113385.0,185476.0,298861.0,95409,2.0,3,12.0,1,,0,1,,1,,6228.0,38.46193,-122.647127
437,84000.0,251000.0,335000.0,94571,2.5,3,8.0,,G,2,0,,Y,,6534.0,38.179941,-121.713126
438,125000.0,100000.0,225000.0,94558,2.0,2,37.0,,,0,0,,,PUD,1017.0,38.326748,-122.291873
439,146600.0,220000.0,366600.0,95133,1.5,3,35.0,1,G,2,0,,,,7405.0,37.372029,-121.85587
440,93774.0,113726.0,207500.0,94509,3.0,4,17.0,,Y,2,0,,,,9766.0,37.983975,-121.785858
441,688310.0,70740.0,759050.0,94022,2.0,1,70.0,2,G,0,0,,,,5663.0,37.398337,-122.112606
442,22387.0,67800.0,90187.0,94806,2.0,5,66.0,,,0,0,,,,8225.0,37.956245,-122.32141599999999
443,37000.0,159000.0,196000.0,95687,2.0,4,26.0,1,G,2,0,,Y,,6098.0,38.33794,-121.94815200000001
444,100920.0,131080.0,232000.0,94520,1.0,3,67.0,,Y,2,0,,,,7000.0,37.986701000000004,-122.03782199999999
445,80900.0,189000.0,269900.0,94541,1.0,3,61.0,1.0,G,1,0,,,,5238.0,37.67666,-122.09783200000001
446,11389.0,35200.0,46589.0,94520,1.5,3,38.0,,Y,0,0,,,,880.0,37.962508,-122.03781399999998
447,318964.0,517538.0,836502.0,95472,1.0,2,26.0,1.0,,0,1,P,1,,3.8499999,38.412696000000004,-122.88145700000001
448,22044.0,18100.0,40144.0,94134,1.0,0,83.0,1,,0,0,,,,2996.0,37.727012,-122.40684099999999
449,26700.0,62300.0,89000.0,94621,1.0,2,85.0,1.0,G,0,0,,,,4000.0,37.76245,-122.200321
450,37500.0,87500.0,125000.0,94601,1.0,2,103.0,1.0,G,0,0,,,,6000.0,37.766346,-122.20717
451,136350.0,103480.0,239830.0,94954,2.0,3,41.0,1,,0,1,,1,,10000.0,38.252320000000005,-122.61140800000001
452,206000.0,291750.0,497750.0,95405,3.0,3,21.0,2,,0,1,,,,20038.0,38.433112,-122.677203
453,30653.0,23418.0,54071.0,94580,1.0,3,59.0,1.0,G,0,0,,,,8050.0,37.667694,-122.12763400000001
454,76591.0,120726.0,197317.0,94118,2.0,0,102.0,2.0,,0,0,,,,2374.0,37.776914,-122.463811
455,56970.0,233211.0,290181.0,95448,1.0,2,99.0,1,G,4,1,,1,,1.04,38.694967,-122.961697
456,331223.0,331223.0,662446.0,94515,0.0,0,,,,0,0,,,,10019.0,38.57801,-122.576346
457,18000.0,47000.0,65000.0,94590,1.0,2,6.0,,,0,0,,,,436.0,38.12228,-122.266518
458,560489.0,371217.0,931706.0,94924,3.0,3,29.0,,,0,2,,,,9.9499998,37.918542,-122.71526499999999
459,105582.0,133302.0,238884.0,95116,0.0,0,48.0,1,V,2,2,,,,6970.0,37.35307,-121.838402
460,197089.0,363863.0,560952.0,94040,3.0,4,38.0,2,G,2,0,P,,,7841.0,37.365479,-122.072424
461,50591.0,152837.0,203428.0,94533,3.0,5,35.0,2,G,2,0,,Y,,6098.0,38.278805,-122.029528
462,351037.0,397840.0,748877.0,95037,2.5,4,9.0,2,G,2,0,,,,7405.0,37.09501,-121.64188100000001
463,20000.0,48000.0,68000.0,94565,1.0,3,57.0,,Y,1,0,,,,5000.0,38.013146,-121.89841100000001
464,35719.0,64945.0,100664.0,94553,0.5,10,117.0,,Y,0,0,,,,2217.0,38.010005,-122.130025
465,189709.0,347802.0,537511.0,95008,0.0,0,46.0,2,V,4,4,,,,12632.0,37.286275,-121.97076299999999
466,76373.0,155127.0,231500.0,94513,2.0,3,8.0,,Y,2,0,,,,5532.0,37.957177,-121.692135
467,103702.0,93392.0,197094.0,94539,2.0,3,49.0,1.0,G,0,0,,,,6936.0,37.482356,-121.920498
468,20073.0,38379.0,58452.0,95136,2.0,3,40.0,1,G,2,0,,,,6970.0,37.262493,-121.829847
469,21686.0,30655.0,52341.0,94112,1.0,0,69.0,1.0,,0,0,,,,2513.0,37.732409000000004,-122.425696
470,171644.0,373245.0,544889.0,94086,2.5,5,43.0,2,G,2,0,B,,,6098.0,37.363521,-122.00414199999999
471,52548.0,105296.0,157844.0,95070,2.5,3,34.0,2,G,2,0,,,,871.0,37.255903,-122.033102
472,116099.0,208978.0,325077.0,94903,2.5,2,22.0,,Y,2,1,,,,3350.0,38.003258,-122.518965
473,447032.0,557968.0,1005000.0,94506,3.5,4,2.0,,Y,2,0,,,,10835.0,37.793373,-121.88153100000001
474,55080.0,128520.0,183600.0,94601,1.0,2,88.0,1,G,0,0,,,,4800.0,37.778424,-122.212649
475,641190.0,28771.0,669961.0,94301,1.0,3,104.0,2,C,0,0,,,,7405.0,37.450942,-122.163622
476,96173.0,224470.0,320643.0,94538,2.5,4,48.0,2.0,G,0,0,,,,10996.0,37.539773,-121.99162199999999
477,35636.0,83151.0,118787.0,94619,2.0,3,81.0,1.5,,0,2,,,,6250.0,37.789668,-122.20648600000001
478,118303.0,165159.0,283462.0,95448,2.0,3,51.0,1.0,,0,1,,1,,2.3099998999999998,38.688225,-122.945316
479,102412.0,240087.0,342499.0,94611,2.0,1,45.0,2.0,G,0,0,,,,16275.0,37.831115000000004,-122.193215
480,40196.0,86589.0,126785.0,95127,1.0,1,32.0,1,C,0,0,,,,1742.0,37.368737,-121.84104099999999
481,340000.0,410000.0,750000.0,94949,4.5,4,6.0,,Y,2,1,,,,4894.0,38.059479,-122.524111
482,110387.0,269534.0,379921.0,94605,2.5,3,44.0,1.0,G,0,0,,,,5310.0,37.766613,-122.13560600000001
483,71653.0,167190.0,238843.0,94545,1.0,3,45.0,1,G,0,0,,,,5605.0,37.621703000000004,-122.08171399999999
484,437174.0,488179.0,925353.0,94024,2.0,5,48.0,1,G,2,0,,,,8712.0,37.336541,-122.07076799999999
485,320900.0,468000.0,788900.0,95132,2.0,3,45.0,1,G,2,0,P,,,13068.0,37.394431,-121.83293400000001
486,91690.0,114878.0,206568.0,94521,2.0,3,53.0,,Y,2,0,,,SFR,9600.0,37.961469,-121.958901
487,213800.0,233800.0,447600.0,95126,2.0,2,5.0,1,C,1,0,,,,1307.0,37.319458000000004,-121.912233
488,10937.0,29775.0,40712.0,94590,1.0,2,79.0,1,G,2,0,,,,6534.0,38.107917,-122.231835
489,490283.0,1630600.0,2120883.0,95070,3.5,4,34.0,1,G,3,0,B,,,41818.0,37.247966,-122.02778500000001
490,119995.0,111464.0,231459.0,94610,3.0,3,73.0,1.0,G,0,0,,,,6496.0,37.811591,-122.254644
491,119325.0,145848.0,265173.0,94583,3.0,3,28.0,,Y,2,0,,,,7800.0,37.759448,-121.98604499999999
492,187500.0,437500.0,625000.0,94501,2.0,4,46.0,1.0,,0,0,,,,5800.0,37.764642,-122.265565
493,64501.0,138143.0,202644.0,94541,2.0,3,58.0,1.0,G,0,0,,,,6750.0,37.670883,-122.115431
494,24942.0,33509.0,58451.0,94621,4.0,4,69.0,1.5,,0,3,,,,6670.0,37.767759000000005,-122.19767
495,153000.0,255000.0,408000.0,94954,3.0,4,40.0,2.0,,0,1,,1,,5663.0,38.254403,-122.622336
496,803028.0,688310.0,1491338.0,95014,3.0,3,20.0,2,G,2,0,,,,7405.0,37.297886,-122.04583000000001
497,58226.0,118335.0,176561.0,95124,2.5,4,54.0,1,C,1,0,,,,5663.0,37.263474,-121.928804
498,25030.0,33970.0,59000.0,94801,1.0,2,97.0,,Y,1,0,,,,5500.0,37.938338,-122.36449499999999
499,70775.0,141804.0,212579.0,94132,3.0,4,103.0,2.0,,0,0,,,,4400.0,37.719631,-122.465395
500,78373.0,57627.0,136000.0,94804,1.0,1,23.0,,Y,1,0,,,CND,2141.0,37.916088,-122.350128
501,29045.0,31145.0,60190.0,95127,1.0,2,79.0,1,,0,0,,,,15246.0,37.360774,-121.83049799999999
502,82863.0,145022.0,227885.0,95035,2.0,4,38.0,1,G,2,0,,,,5663.0,37.449707000000004,-121.897048
503,397880.0,377120.0,775000.0,94556,2.5,3,31.0,,Y,2,0,,,,3500.0,37.831034,-122.133829
504,245000.0,245000.0,490000.0,95131,2.5,3,14.0,2,G,2,0,,,,871.0,37.386219,-121.89533300000001
505,62730.0,146370.0,209100.0,94607,2.5,4,10.0,2.0,G,1,0,,,,2599.0,37.804772,-122.281419
506,23123.0,64215.0,87338.0,95122,2.0,3,49.0,1,G,1,0,,,,6098.0,37.322039000000004,-121.84431299999999
507,23037.0,68691.0,91728.0,94530,4.0,5,91.0,,Y,2,0,,,,4400.0,37.920112,-122.31111100000001
508,2400000.0,1325000.0,3725000.0,95070,4.0,5,16.0,2+B,G,3,0,B,,,42253.0,37.252326000000004,-122.006447
509,17202.0,41172.0,58374.0,95035,2.0,3,49.0,1,G,1,0,,,,5663.0,37.435777,-121.871297
510,394179.0,172380.0,566559.0,95037,2.0,4,35.0,1,Y,2,0,,,,9148.0,37.128333000000005,-121.664239
511,18100.0,36764.0,54864.0,95124,2.0,4,54.0,1,G,1,0,,,,9148.0,37.245597,-121.94375500000001
512,50213.0,137287.0,187500.0,94531,2.5,4,14.0,,Y,2,0,,,,4891.0,37.974046,-121.75831200000002
513,22766.0,94440.0,117206.0,94087,2.0,3,41.0,1,G,2,0,,,,6098.0,37.354076,-122.019754
514,423441.0,315059.0,738500.0,94530,2.5,4,60.0,,Y,2,0,,,,10920.0,37.912753,-122.29519
515,156519.0,249129.0,405648.0,94086,0.0,0,50.0,2,V,3,3,,Y,,5663.0,37.375634000000005,-122.047501
516,125776.0,293479.0,419255.0,94566,3.0,4,20.0,1.5,G,0,0,,,,4050.0,37.672364,-121.90123100000001
517,22766.0,60444.0,83210.0,95129,2.0,3,40.0,1,G,2,0,,,,5663.0,37.310221000000006,-122.00715600000001
518,229435.0,343579.0,573014.0,94559,2.0,3,51.0,,C,0,0,,Y,,9583.0,38.301222,-122.267518
519,93502.0,267498.0,361000.0,94513,3.0,5,6.0,,Y,2,0,,,,7804.0,37.929676,-121.74803500000002
520,41404.0,33292.0,74696.0,94509,1.0,4,84.0,,,0,0,,,,5000.0,38.012727000000005,-121.814283
521,80100.0,80100.0,160200.0,95123,1.0,2,39.0,1,G,1,0,,,,1742.0,37.253142,-121.82201
522,132924.0,309845.0,442769.0,94551,2.5,3,9.0,1.5,G,2,0,,,,3295.0,37.69427,-121.77883500000002
523,282500.0,121100.0,403600.0,95132,2.0,3,38.0,1,G,2,0,,,,5663.0,37.409037,-121.858053
524,17897.0,18658.0,36555.0,94605,1.0,2,83.0,1.0,G,0,0,,,,4180.0,37.768834000000005,-122.18858999999999
525,220814.0,226334.0,447148.0,94928,2.0,3,32.0,1,,0,1,,1,,6098.0,38.34975,-122.691769
526,82500.0,161400.0,243900.0,95116,2.5,4,38.0,2,C,2,0,,,,871.0,37.359052,-121.85193999999998
527,149193.0,161129.0,310322.0,95403,2.0,3,32.0,1.0,,0,1,,1,,6300.0,38.482478,-122.74301499999999
528,18100.0,22408.0,40508.0,94112,1.0,0,85.0,1.0,,0,0,,,,2979.0,37.70833,-122.44841100000001
529,60990.0,142311.0,203301.0,94608,2.0,5,99.0,2.0,,0,2,,,,5880.0,37.827304,-122.27310200000001
530,181748.0,215404.0,397152.0,94952,2.0,3,31.0,1,,0,1,,1,,1.08,38.301581,-122.733994
531,436957.0,326089.0,763046.0,94040,2.5,3,21.0,2,G,1,0,,,SFR,6534.0,37.372596,-122.076458
532,52373.0,102127.0,154500.0,94509,2.0,3,32.0,,Y,2,0,,,,6500.0,37.981614,-121.812619
533,12995.0,74952.0,87947.0,94583,2.5,5,42.0,,Y,2,0,P,,,8750.0,37.732455,-121.93996399999999
534,198900.0,198900.0,397800.0,95132,1.5,3,33.0,2,G,2,0,,,,1307.0,37.41038,-121.865124
535,96133.0,77867.0,174000.0,94806,2.0,3,50.0,,Y,2,0,,,MFD,11900.0,37.97997,-122.34343100000001
536,34246.0,120218.0,154464.0,95120,2.5,4,42.0,1,G,2,0,,,,13068.0,37.205202,-121.862179
537,118911.0,160530.0,279441.0,94546,2.0,3,51.0,1.5,G,0,0,,,,9086.0,37.713284,-122.08158300000001
538,495000.0,396000.0,891000.0,95125,2.0,3,60.0,1,G,2,0,,,,6098.0,37.294638,-121.883345
539,21871.0,35686.0,57557.0,94530,1.0,3,60.0,,Y,1,0,,,,5700.0,37.933513,-122.312358
540,304348.0,109562.0,413910.0,95124,1.0,3,56.0,1,G,2,0,,,,8276.0,37.246995,-121.938856
541,56000.0,178000.0,234000.0,94510,2.0,2,19.0,,G,2,0,,Y,,2178.0,38.052606,-122.14089399999999
542,523994.0,248748.0,772742.0,94596,2.0,4,42.0,,Y,2,0,,,,10476.0,37.868578,-122.029081
543,32521.0,84851.0,117372.0,95123,2.0,4,41.0,1,G,2,0,,,,6098.0,37.229292,-121.80431599999999
544,105300.0,245700.0,351000.0,94577,1.0,2,65.0,1.0,G,0,0,,,,5074.0,37.721886,-122.141065
545,339000.0,230000.0,569000.0,94583,2.5,3,36.0,,Y,2,0,,,PUD,19200.0,37.769913,-121.986765
546,178100.0,145700.0,323800.0,95136,2.5,3,5.0,2,G,2,0,,,,3049.0,37.275557,-121.84773500000001
547,15768.0,41776.0,57544.0,94805,2.0,3,46.0,,Y,2,0,,,,3815.0,37.944135,-122.313468
548,97000.0,203500.0,300500.0,95407,2.0,3,11.0,1.0,,0,1,,1,,6588.0,38.410325,-122.732017
549,123000.0,287000.0,410000.0,94502,1.5,2,36.0,2.0,G,0,0,,,,1580.0,37.732298,-122.23527
550,323668.0,323668.0,647336.0,94301,2.0,1,49.0,1,C,0,0,,,CND,1307.0,37.446684000000005,-122.16796699999999
551,41348.0,97558.0,138906.0,94608,4.0,8,52.0,2.0,,0,4,,,,4200.0,37.824549,-122.272045
552,94756.0,223714.0,318470.0,94577,1.0,2,81.0,1.0,G,0,0,,,,4410.0,37.733431,-122.14548700000002
553,243200.0,243200.0,486400.0,95051,2.5,3,30.0,2,G,2,0,,,,1742.0,37.337895,-121.990346
554,403105.0,366895.0,770000.0,94582,3.0,4,4.0,,Y,2,0,,,,10400.0,37.778271999999994,-121.92063
555,131100.0,173000.0,304100.0,95035,1.5,3,38.0,2,,0,0,,,,871.0,37.439158,-121.87289399999999
556,76058.0,260238.0,336296.0,95687,2.0,3,8.0,,G,2,0,,Y,,6534.0,38.360175,-121.944732
557,80596.0,178551.0,259147.0,95404,2.0,2,73.0,2,,0,1,,,,4815.0,38.454725,-122.71038
558,106209.0,190291.0,296500.0,94513,4.0,5,10.0,,Y,2,0,,,,6060.0,37.943839000000004,-121.7106
559,12995.0,54690.0,67685.0,94583,2.0,4,41.0,,Y,2,0,,,,7000.0,37.748161,-121.94795800000001
560,97304.0,226826.0,324130.0,94577,1.5,3,77.0,1.5,G,0,0,,,,4576.0,37.730149,-122.140532
561,530400.0,244800.0,775200.0,95125,0.0,0,49.0,1,V,2,2,,Y,,10019.0,37.303285,-121.91564
562,109000.0,279000.0,388000.0,94534,3.0,5,19.0,2,G,2,0,,Y,,10454.0,38.292324,-122.034824
563,351789.0,655844.0,1007633.0,95148,3.0,5,5.0,2,G,2,0,,,,6534.0,37.323258,-121.77433700000002
564,58861.0,119591.0,178452.0,95129,1.5,3,37.0,2,G,1,0,,,,1307.0,37.315882,-121.98289299999999
565,324980.0,222520.0,547500.0,94583,2.5,3,13.0,,Y,2,0,,,SFR,3100.0,37.726773,-121.928079
566,39419.0,135761.0,175180.0,94534,2.5,3,23.0,2,G,2,0,,Y,,4356.0,38.187641,-122.139683
567,66293.0,182959.0,249252.0,94558,1.5,3,56.0,,Y,2,0,,Y,,13504.0,38.306256,-122.337764
568,162300.0,378700.0,541000.0,94538,3.5,3,1.0,2.5,G,2,0,,,,1479.0,37.533663,-121.966328
569,90300.0,210700.0,301000.0,94544,2.0,3,54.0,1.0,G,2,0,,,,5700.0,37.616574,-122.029496
570,166952.0,205757.0,372709.0,95125,2.0,4,49.0,1,G,2,0,P,,,6098.0,37.279372,-121.90272900000001
571,34510.0,48114.0,82624.0,94530,1.5,2,55.0,,Y,2,0,,,,8580.0,37.921262,-122.28786799999999
572,258388.0,467684.0,726072.0,95401,3.0,3,35.0,1,,0,1,,2,SFR,12.19,38.427621,-122.816796
573,48896.0,103097.0,151993.0,94550,2.0,4,45.0,1.0,G,0,0,,,,6900.0,37.671176,-121.791243
574,13321.0,44941.0,58262.0,94954,2.0,3,53.0,1,,0,1,,,,6000.0,38.252858,-122.625605
575,180000.0,420000.0,600000.0,94568,2.5,4,9.0,1.5,G,2,0,,,,3254.0,37.72234,-121.86946699999999
576,60644.0,117499.0,178143.0,94545,2.0,3,52.0,1.0,G,0,0,,,,5300.0,37.628239,-122.105623
577,22044.0,42143.0,64187.0,95051,3.0,4,55.0,1,G,1,0,,,,6098.0,37.356365000000004,-121.99120900000001
578,560000.0,300000.0,860000.0,94121,1.0,3,97.0,2.0,,0,0,,,,3000.0,37.783652000000004,-122.47545
579,49324.0,114963.0,164287.0,94578,1.0,3,64.0,1.0,G,0,0,,,,5886.0,37.691156,-122.108849
580,38125.0,76619.0,114744.0,95687,2.0,4,33.0,1,,0,0,,Y,,5663.0,38.339925,-121.96658000000001
581,391500.0,261000.0,652500.0,95148,2.5,4,26.0,2,G,2,0,,,,5663.0,37.326947,-121.793704
582,51000.0,82000.0,133000.0,94571,2.0,2,11.0,,G,2,0,,Y,,3920.0,38.180276,-121.711887
583,188700.0,440300.0,629000.0,94587,2.5,5,12.0,1.5,G,2,0,,,SFR,5141.0,37.597427,-122.084197
584,22407.0,117264.0,139671.0,95448,2.0,3,30.0,1,,0,1,,1,,1.09,38.597889,-122.851395
585,31710.0,91121.0,122831.0,95123,2.0,4,37.0,1,G,2,0,,,,6098.0,37.242606,-121.853122
586,90450.0,142954.0,233404.0,94545,2.0,3,51.0,1.0,G,0,0,,,,5642.0,37.644022,-122.096424
587,531282.0,354187.0,885469.0,94110,3.0,0,32.0,2,,0,0,,,,1750.0,37.742661,-122.41722
588,18998.0,31737.0,50735.0,95124,2.0,4,50.0,1,G,2,0,,,,5663.0,37.260771000000005,-121.93886699999999
589,351037.0,227003.0,578040.0,94595,2.0,4,40.0,,Y,2,0,,,,9120.0,37.88178,-122.05348899999998
590,52906.0,108042.0,160948.0,94558,2.0,4,51.0,,Y,2,0,,,,6098.0,38.327395,-122.303172
591,79310.0,131042.0,210352.0,94598,2.0,4,44.0,,Y,2,0,,,,8800.0,37.936758000000005,-122.01211799999999
592,54383.0,125081.0,179464.0,94580,1.0,2,64.0,1.0,G,0,0,,,,5100.0,37.675918,-122.132466
593,438824.0,680176.0,1119000.0,94556,2.5,4,20.0,,Y,2,0,,,,5320.0,37.826452,-122.133292
594,51681.0,120607.0,172288.0,95123,2.0,4,40.0,1,G,2,0,,,,5227.0,37.228399,-121.81140900000001
595,90566.0,211321.0,301887.0,94546,1.0,2,61.0,1.0,G,0,0,,,,6975.0,37.69299,-122.09751399999999
596,93707.0,106746.0,200453.0,94539,2.0,4,44.0,1.0,G,0,0,,,,6460.0,37.544685,-121.94549199999999
597,48881.0,114185.0,163066.0,95122,2.5,3,30.0,2,G,2,0,,,,3049.0,37.313516,-121.81493700000001
598,267100.0,503100.0,770200.0,95138,3.5,4,4.0,2,G,2,0,,,,5227.0,37.289757,-121.79603700000001
599,189425.0,381014.0,570439.0,95462,1.0,2,79.0,1.0,,0,1,,1,,14742.0,38.475727,-122.999867
600,182726.0,389957.0,572683.0,95148,2.0,4,45.0,2,G,2,0,,,,10890.0,37.318532,-121.79649199999999
601,25322.0,44743.0,70065.0,94539,2.0,3,56.0,1.0,G,0,0,,,,12405.0,37.533876,-121.948457
602,151641.0,151829.0,303470.0,94086,1.5,2,35.0,2,G,2,0,,,,436.0,37.36571,-122.022209
603,62049.0,17484.0,79533.0,94609,1.0,2,124.0,1.5,,0,0,,,,4290.0,37.818618,-122.267999
604,2496960.0,624240.0,3121200.0,95030,5.5,5,17.0,3,G,5,0,P,,,3.8,37.212026,-121.96778799999998
605,151612.0,291733.0,443345.0,94951,0.0,0,,,G,2,8,,,,4.190000100000001,38.30055,-122.675087
606,30653.0,6663.0,37316.0,94586,0.0,0,,,,0,0,,,,19725.0,37.621636,-121.90525500000001
607,17596.0,20452.0,38048.0,94938,1.0,1,94.0,,,0,1,,,,20020.0,38.014076,-122.700092
608,11416.0,56782.0,68198.0,95688,3.0,6,53.0,1,G,2,0,,Y,,6534.0,38.361426,-122.00059399999999
609,195000.0,211400.0,406400.0,94040,2.0,2,31.0,1,,0,0,,,,871.0,37.396731,-122.100885
610,10000.0,85000.0,95000.0,94801,2.0,6,48.0,,,0,0,,,,4294.0,37.932438,-122.354863
611,85021.0,198135.0,283156.0,94501,1.0,2,94.0,1.0,G,0,0,,,,5180.0,37.769124,-122.258982
612,365218.0,79128.0,444346.0,94306,1.0,2,63.0,1,G,1,0,,,,5663.0,37.423928000000004,-122.13741200000001
613,462600.0,478261.0,940861.0,94901,4.0,5,59.0,,Y,3,1,P,,,20000.0,37.974933,-122.497033
614,106619.0,253017.0,359636.0,94578,2.0,3,54.0,1.0,G,0,0,,,,5035.0,37.701821,-122.15123100000001
615,174000.0,284289.0,458289.0,94903,2.0,3,4.0,,Y,2,1,,,,1678.0,37.992177000000005,-122.53001200000001
616,157204.0,150882.0,308086.0,94596,3.5,5,38.0,,Y,2,0,,,,14630.0,37.873257,-122.032146
617,59248.0,131752.0,191000.0,94805,1.0,2,81.0,,Y,1,0,,,,3500.0,37.941885,-122.33406799999999
618,66104.0,88758.0,154862.0,94536,2.0,3,35.0,1.0,G,0,0,,,,6010.0,37.567522,-122.027672
619,213863.0,380875.0,594738.0,95472,3.0,3,15.0,1,,0,1,,2,,19.280001000000002,38.385087,-122.89454099999999
620,178179.0,423450.0,601629.0,94610,3.5,4,71.0,2.0,G,0,0,,,,6000.0,37.810357,-122.231424
621,81000.0,189000.0,270000.0,94602,2.0,4,99.0,1.0,,0,0,,,,5750.0,37.797678000000005,-122.224286
622,83634.0,195146.0,278780.0,94502,1.0,3,89.0,1.0,,0,0,,,,5500.0,37.736478000000005,-122.23608200000001
623,71216.0,166172.0,237388.0,94579,1.0,4,59.0,1.0,G,0,0,,,,5035.0,37.693695,-122.148175
624,145722.0,262305.0,408027.0,95404,3.0,3,24.0,2,,0,1,,,,2.71,38.52186,-122.723771
625,51186.0,131814.0,183000.0,94509,1.0,2,32.0,,Y,2,0,,,,6700.0,37.984594,-121.81590600000001
626,134964.0,359911.0,494875.0,95405,2.0,3,69.0,1,,0,1,,1,,7668.0,38.447667,-122.69597900000001
627,171300.0,171300.0,342600.0,95138,2.0,3,25.0,1,G,2,0,,,,4792.0,37.246769,-121.783604
628,126020.0,294048.0,420068.0,94546,3.0,3,52.0,1.0,G,0,0,,,,11880.0,37.710675,-122.083233
629,142433.0,332344.0,474777.0,94566,2.0,3,38.0,1.0,G,0,0,,,,8184.0,37.683848,-121.878121
630,61858.0,61858.0,123716.0,94544,2.0,3,55.0,1.0,G,0,0,,,,5000.0,37.629796,-122.079624
631,75000.0,315000.0,390000.0,94591,3.5,4,9.0,,G,2,0,,Y,SFR,7405.0,38.129819,-122.20406100000001
632,43957.0,82655.0,126612.0,95051,2.0,3,54.0,1,G,1,0,,,,5227.0,37.335479,-121.980146
633,114123.0,114123.0,228246.0,95008,2.5,2,29.0,2,G,1,0,,,,1307.0,37.284596,-121.951845
634,83749.0,191236.0,274985.0,95620,2.0,4,16.0,1,G,2,0,,Y,,7405.0,38.447728000000005,-121.842863
635,333000.0,142600.0,475600.0,95117,2.5,2,23.0,2,G,1,0,,,,436.0,37.321259000000005,-121.95783700000001
636,60000.0,140000.0,200000.0,94603,4.5,5,119.0,2.0,G,0,0,,,,4800.0,37.745598,-122.168996
637,195681.0,456589.0,652270.0,94707,2.0,4,29.0,1.5,G,0,0,,,,5000.0,37.896894,-122.282894
638,322509.0,348310.0,670819.0,94306,2.0,4,53.0,1,G,2,0,P,,,10454.0,37.414014,-122.104423
639,665000.0,285000.0,950000.0,94121,2.0,0,74.0,2.0,,0,0,,,SFR,1746.0,37.773896,-122.48766699999999
640,49693.0,24561.0,74254.0,94501,2.0,3,99.0,1.5,,0,0,,,,3900.0,37.770182,-122.26569199999999
641,64553.0,101729.0,166282.0,94960,2.0,3,62.0,,Y,2,1,P,,,40880.0,38.012818,-122.58433400000001
642,50584.0,94851.0,145435.0,94565,2.0,3,38.0,,Y,2,0,P,,,7000.0,37.992495,-121.872952
643,48696.0,155828.0,204524.0,95687,2.5,4,35.0,2,G,2,0,P,Y,,5663.0,38.349121000000004,-121.95491499999999
644,102572.0,174928.0,277500.0,94513,3.0,4,10.0,,Y,2,0,,,,6167.0,37.949323,-121.71637199999999
645,229224.0,534857.0,764081.0,94705,1.5,3,,1.5,,0,0,,,,6725.0,37.858969,-122.26322900000001
646,148632.0,213022.0,361654.0,94526,2.5,3,62.0,,Y,2,0,,,,15004.0,37.823638,-121.984788
647,87747.0,170366.0,258113.0,94505,2.0,3,27.0,,Y,2,0,,,,7320.0,37.916007,-121.59248799999999
648,552040.0,239583.0,791623.0,94087,2.0,3,48.0,1,G,2,0,,,,5663.0,37.344221000000005,-122.017518
649,192685.0,262395.0,455080.0,94523,3.0,3,67.0,,Y,2,0,P,,,18032.0,37.927724,-122.07923100000001
650,157146.0,241440.0,398586.0,95119,2.0,4,37.0,1,G,2,0,,,,5663.0,37.230192,-121.794146
651,94954.0,221563.0,316517.0,95139,3.0,3,27.0,2,G,2,0,,,,1742.0,37.227585,-121.757791
652,64495.0,170796.0,235291.0,95050,2.5,2,30.0,2,G,2,0,,,,436.0,37.345396,-121.958948
653,108168.0,183522.0,291690.0,94118,4.0,0,101.0,3.0,,0,0,,,,4146.0,37.789374,-122.45007700000001
654,41506.0,39602.0,81108.0,94546,2.0,3,55.0,1.0,G,0,0,,,,24192.0,37.718669,-122.081457
655,18998.0,47523.0,66521.0,95035,2.0,4,41.0,1,G,2,0,,,,5663.0,37.451529,-121.893899
656,66600.0,155400.0,222000.0,94541,1.0,2,58.0,1.0,G,0,0,,,,5000.0,37.65546,-122.10854599999999
657,82430.0,123647.0,206077.0,95127,1.0,3,56.0,1,G,1,0,,,,4792.0,37.35794,-121.824238
658,42608.0,87409.0,130017.0,95687,1.0,3,34.0,1,G,2,0,P,Y,,6098.0,38.339732,-121.98697800000001
659,309985.0,192189.0,502174.0,95130,2.5,3,50.0,2,G,2,0,P,,,6534.0,37.297006,-121.98188799999998
660,41773.0,116847.0,158620.0,95687,2.0,3,38.0,1,G,2,0,,Y,,5663.0,38.350252000000005,-121.97026000000001
661,57054.0,25477.0,82531.0,94542,1.0,2,60.0,1.0,G,0,0,,,,6600.0,37.664103999999995,-122.062122
662,228258.0,164283.0,392541.0,94595,2.0,3,57.0,,Y,2,0,,,,13585.0,37.88702,-122.061674
663,68243.0,72257.0,140500.0,94565,2.0,3,31.0,,Y,2,0,,,,5720.0,38.02441,-121.913471
664,266000.0,267500.0,533500.0,95448,2.0,3,30.0,2,,0,1,,2,,24977.0,38.621294,-122.848211
665,62817.0,345801.0,408618.0,94550,3.0,3,23.0,1.5,G,0,0,,,,10108.0,37.674546,-121.768437
666,48266.0,143842.0,192108.0,94591,2.5,4,23.0,2,G,2,0,,Y,,9148.0,38.126243,-122.218226
667,104770.0,85861.0,190631.0,95110,1.0,2,23.0,1,C,0,0,,,,436.0,37.347013000000004,-121.900465
668,73837.0,100092.0,173929.0,95132,2.0,3,40.0,1,G,2,0,,,,6098.0,37.413563,-121.860809
669,22766.0,42319.0,65085.0,95050,1.0,3,48.0,1,,0,0,,,,5663.0,37.359956,-121.96651000000001
670,66150.0,208850.0,275000.0,94513,2.5,4,14.0,,Y,2,0,P,,,5700.0,37.922127,-121.691273
671,102379.0,174121.0,276500.0,94806,2.5,3,22.0,,Y,2,0,,,,3180.0,37.978403,-122.333248
672,301414.0,157455.0,458869.0,94947,2.0,1,73.0,,Y,2,1,,,,7840.0,38.109786,-122.585187
673,18998.0,54883.0,73881.0,95035,3.0,6,37.0,1,G,2,0,,,,5663.0,37.44522,-121.89791699999999
674,206500.0,252500.0,459000.0,95148,2.5,4,34.0,2,G,2,0,,,,5663.0,37.341203,-121.806931
675,134608.0,168270.0,302878.0,94112,1.0,3,62.0,1.0,,0,0,,,,2500.0,37.723937,-122.428731
676,1532.0,108101.0,109633.0,94301,1.0,1,25.0,2,G,1,0,,,,436.0,37.44497,-122.15291599999999
677,421250.0,529750.0,951000.0,94952,0.0,0,,,,0,1,,,,13504.0,38.224482,-122.648702
678,49322.0,272926.0,322248.0,95014,2.0,4,41.0,1,G,2,0,P,,,9148.0,37.328252,-122.06512
679,85360.0,280140.0,365500.0,94531,3.0,5,7.0,,Y,2,0,P,,,12709.0,37.956577,-121.786933
680,103050.0,240450.0,343500.0,95403,2.0,3,24.0,1,,0,1,,1,,7405.0,38.4697,-122.761525
681,83548.0,226766.0,310314.0,94533,2.0,4,10.0,1,G,2,0,,Y,,8276.0,38.288181,-122.01113400000001
682,79500.0,185500.0,265000.0,94605,1.0,3,68.0,1.0,G,0,0,,,,5184.0,37.765562,-122.15949599999999
683,9501.0,51346.0,60847.0,95687,2.0,4,42.0,1,G,2,0,P,Y,,6970.0,38.342081,-121.96857800000001
684,75140.0,175327.0,250467.0,94706,1.0,2,72.0,1.5,G,0,0,,,,2500.0,37.897958,-122.290766
685,185975.0,127075.0,313050.0,94112,1.0,0,71.0,1.0,,0,0,,,,2809.0,37.722592,-122.458942
686,286795.0,286795.0,573590.0,95129,2.5,3,28.0,2,G,2,0,,,,2614.0,37.320057,-121.98533
687,119250.0,258750.0,378000.0,95462,2.0,4,57.0,1.0,,0,1,,1,,6208.0,38.469992,-123.012363
688,54781.0,105915.0,160696.0,94591,2.0,2,23.0,1,G,2,0,,,,7841.0,38.125753,-122.21534399999999
689,12541.0,19716.0,32257.0,94132,1.0,0,,1,,0,0,,,,2517.0,37.710904,-122.4686
690,197976.0,145180.0,343156.0,94116,1.0,0,71.0,1,,0,0,,,,2060.0,37.740990000000004,-122.489364
691,123993.0,161191.0,285184.0,95472,2.0,3,55.0,1,,0,1,,1,,11130.0,38.391128,-122.821327
692,51900.0,78100.0,130000.0,95127,1.0,1,32.0,1,C,0,0,,,,1742.0,37.368737,-121.84104099999999
693,81421.0,218079.0,299500.0,94531,3.0,4,9.0,,Y,2,0,,,,6772.0,37.975677000000005,-121.775434
694,70000.0,279000.0,349000.0,95620,2.5,4,5.0,,G,2,0,,Y,,6970.0,38.433791,-121.826426
695,56681.0,561782.0,618463.0,95117,2.5,3,7.0,2,G,2,0,,,,1742.0,37.317783,-121.96540300000001
696,25282.0,32991.0,58273.0,94116,1.0,0,69.0,1.0,,0,0,,,,3000.0,37.741713,-122.496164
697,239600.0,159700.0,399300.0,95121,2.0,4,39.0,1,G,2,0,,,,4792.0,37.3068,-121.80765500000001
698,618331.0,505907.0,1124238.0,95120,2.5,3,32.0,2,G,2,0,,,,16988.0,37.202493,-121.856928
699,40000.0,120000.0,160000.0,94806,1.0,3,65.0,,,0,0,,,,5000.0,37.950339,-122.351969
700,102948.0,134627.0,237575.0,94547,2.0,3,23.0,,Y,2,0,,,,5490.0,38.01849,-122.262896
701,257633.0,168867.0,426500.0,94803,3.0,5,70.0,,,0,0,,,,40200.0,37.976994,-122.307019
702,56236.0,92193.0,148429.0,95409,2.0,2,28.0,1,,0,1,,,,2000.0,38.425393,-122.58176200000001
703,78109.0,100891.0,179000.0,94509,2.0,3,19.0,,Y,2,0,,,,5494.0,37.991440999999995,-121.83241000000001
704,450000.0,150000.0,600000.0,94960,2.0,3,45.0,,Y,2,1,,,,6000.0,37.981184000000006,-122.57951000000001
705,1136541.0,487089.0,1623630.0,94941,2.5,4,24.0,,Y,2,1,,,,6000.0,37.888135,-122.53888799999999
706,89693.0,346723.0,436416.0,94563,3.0,4,44.0,,Y,3,0,P,,,16440.0,37.893576,-122.198
707,119733.0,77211.0,196944.0,94520,2.0,4,59.0,,Y,1,0,,,,11200.0,37.965812,-122.035643
708,319053.0,113947.0,433000.0,94523,1.0,3,60.0,,Y,1,0,,,,8800.0,37.937039,-122.07541599999999
709,79768.0,165232.0,245000.0,94565,2.5,3,15.0,,Y,2,0,,,SFR,4200.0,38.028604,-121.983899
710,410238.0,328137.0,738375.0,94116,2.0,0,71.0,1,,0,0,,,,2025.0,37.738181,-122.48749
711,340869.0,45038.0,385907.0,95014,1.0,2,57.0,1,C,1,0,,,,4792.0,37.316329,-122.00160100000001
712,365000.0,403000.0,768000.0,94523,2.25,4,60.0,,Y,2,0,,,,14400.0,37.949364,-122.09385900000001
713,115000.0,115000.0,230000.0,95035,1.0,2,2.0,1,,0,0,B,,,436.0,37.428833000000004,-121.88351899999999
714,60981.0,230680.0,291661.0,94024,2.0,4,49.0,1,G,2,0,P,,,1.0,37.340208000000004,-122.094875
715,126000.0,182750.0,308750.0,94928,2.0,3,29.0,1,,0,1,,1,SFR,6970.0,38.337778,-122.686525
716,111968.0,55441.0,167409.0,94702,1.0,3,91.0,1.0,,0,0,,,,3800.0,37.880421000000005,-122.292984
717,75000.0,175000.0,250000.0,94601,1.5,3,99.0,1.0,G,0,0,,,,5100.0,37.778338,-122.20046699999999
718,376900.0,161500.0,538400.0,95008,1.0,3,56.0,1,G,1,0,,,,7841.0,37.280291,-121.95924299999999
719,96005.0,247283.0,343288.0,94618,2.5,3,14.0,,G,2,0,,,,1685.0,37.851574,-122.225742
720,59673.0,145585.0,205258.0,94510,2.0,4,29.0,1,G,2,0,,Y,,11326.0,38.089148,-122.182557
721,13321.0,59389.0,72710.0,94954,3.0,4,38.0,2,,0,1,,2,,40793.0,38.237942,-122.61544099999999
722,59677.0,214956.0,274633.0,95687,3.0,4,9.0,2,G,2,0,,Y,,4792.0,38.322261,-121.957526
723,83000.0,94000.0,177000.0,94533,2.0,4,38.0,1,G,2,0,,Y,,6970.0,38.268635,-122.00174399999999
724,58594.0,116406.0,175000.0,94565,2.0,3,29.0,,Y,2,0,,,SFR,7500.0,38.033616,-121.953024
725,205677.0,287823.0,493500.0,94806,4.0,5,5.0,,Y,2,0,,,,6811.0,37.984177,-122.347417
726,20971.0,36582.0,57553.0,95129,2.0,3,50.0,1,G,2,0,,,,6534.0,37.306871,-121.980834
727,35090.0,66996.0,102086.0,94560,2.0,4,34.0,1.0,G,0,0,P,,,8900.0,37.528604,-122.013304
728,597402.0,602598.0,1200000.0,94583,4.5,4,9.0,,Y,2,0,,,,10979.0,37.733671,-121.951229
729,143400.0,215100.0,358500.0,95122,2.0,6,47.0,1,G,0,0,,,,5227.0,37.332978000000004,-121.82221100000001
730,76381.0,120543.0,196924.0,94559,0.0,0,,,,0,0,,,,8276.0,38.297328,-122.29491200000001
731,486952.0,182600.0,669552.0,94127,1.0,0,73.0,1.0,,0,0,,,,3114.0,37.745664,-122.45405500000001
732,174075.0,116680.0,290755.0,94523,2.0,3,52.0,,Y,2,0,,,,10200.0,37.945613,-122.074703
733,24017.0,18281.0,42298.0,94131,1.0,0,97.0,2.0,,0,0,,,,2848.0,37.747875,-122.43553600000001
734,603900.0,325100.0,929000.0,95120,3.0,5,44.0,2,G,2,0,P,,,9148.0,37.220719,-121.873429
735,47724.0,264065.0,311789.0,95113,1.5,1,1.0,1,G,0,0,,,,436.0,37.330366,-121.88639199999999
736,197976.0,79185.0,277161.0,94110,1.0,2,,1.0,V,0,0,,,,2596.0,37.756488,-122.409522
737,135000.0,315100.0,450100.0,94546,2.0,3,52.0,1.0,G,0,0,,,,5650.0,37.6988,-122.08363600000001
738,220814.0,237430.0,458244.0,95450,1.0,3,45.0,1,,0,1,,,,6000.0,38.451092,-123.119766
739,54563.0,127280.0,181843.0,95123,2.0,3,31.0,1,G,2,0,,,,4792.0,37.257521999999994,-121.827533
740,14660.0,45885.0,60545.0,94587,2.0,3,38.0,1.0,G,0,0,,,,6000.0,37.578422,-122.017374
741,382500.0,321300.0,703800.0,95148,3.0,5,25.0,2,G,2,0,P,,,8712.0,37.333797,-121.80069099999999
742,373550.0,321450.0,695000.0,94582,3.0,3,6.0,,Y,2,0,,,,4302.0,37.761972,-121.900531
743,141000.0,329000.0,470000.0,94605,8.0,12,,,,0,5,,,,10159.0,37.76718,-122.168471
744,121741.0,239712.0,361453.0,95472,2.0,3,42.0,1.0,,0,1,P,1,,1.0,38.361465,-122.783222
745,92727.0,126773.0,219500.0,94513,3.0,3,32.0,,Y,2,0,P,,,6500.0,37.9324,-121.69986000000002
746,179028.0,417732.0,596760.0,94618,2.0,5,52.0,1.0,G,0,0,,,,5076.0,37.836965,-122.22581399999999
747,306858.0,521915.0,828773.0,94904,4.0,4,14.0,,Y,2,1,,,,5220.0,37.944547,-122.51943899999999
748,131894.0,270621.0,402515.0,94040,2.5,3,31.0,2,G,2,0,P,,,5227.0,37.377734999999994,-122.073546
749,225000.0,640000.0,865000.0,95403,4.0,3,21.0,2,,0,1,,3,,10019.0,38.492663,-122.707609
750,85050.0,198450.0,283500.0,94954,2.0,2,16.0,1,,0,1,,,,2928.0,38.269109,-122.642788
751,48740.0,103760.0,152500.0,94509,2.0,3,32.0,,Y,2,0,,,,7590.0,37.985071000000005,-121.831119
752,303537.0,255842.0,559379.0,94549,3.0,3,63.0,,Y,2,0,,,,20000.0,37.883941,-122.11328200000001
753,11000.0,45000.0,56000.0,94533,2.5,2,19.0,2,C,1,0,,,,871.0,38.262958000000005,-122.00925900000001
754,55239.0,135081.0,190320.0,94022,3.0,4,42.0,1,G,2,0,P,,,10019.0,37.391659000000004,-122.124394
755,126605.0,297370.0,423975.0,94536,3.0,4,14.0,1.5,G,2,0,,,,2934.0,37.568562,-122.028275
756,763114.0,279097.0,1042211.0,94087,3.0,4,60.0,1,G,2,0,,,,9148.0,37.350911,-122.025296
757,13327.0,24561.0,37888.0,94619,1.0,2,51.0,1.0,G,0,0,,,,3269.0,37.79166,-122.195095
758,100053.0,145523.0,245576.0,94043,2.5,2,23.0,2,G,1,0,,,,436.0,37.393188,-122.065193
759,90450.0,211050.0,301500.0,94928,2.0,3,31.0,2.0,,0,1,,1,,1307.0,38.350247,-122.69704499999999
760,96715.0,225669.0,322384.0,94703,0.0,0,103.0,,,0,2,,,,4821.0,37.85742,-122.271026
761,450000.0,315000.0,765000.0,94903,2.0,4,50.0,,,0,1,,,,23025.0,38.042227000000004,-122.53893500000001
762,262573.0,238703.0,501276.0,95035,3.0,3,27.0,2,G,2,0,,,,3049.0,37.44583,-121.906489
763,212968.0,185532.0,398500.0,94564,3.0,3,36.0,,Y,2,0,P,,,9200.0,37.988191,-122.275985
764,250000.0,461000.0,711000.0,95023,0.0,0,,,,0,0,,,,1.27,36.839122,-121.448745
765,180603.0,32245.0,212848.0,95008,1.0,1,70.0,1,G,0,0,,,,10454.0,37.273338,-121.972171
766,23840.0,19541.0,43381.0,95051,1.0,2,59.0,1,G,1,0,,,,9148.0,37.348195000000004,-121.97843400000001
767,69357.0,17568.0,86925.0,94606,3.0,3,,2.0,,0,3,,,,5500.0,37.801722,-122.245365
768,85701.0,104813.0,190514.0,95118,1.0,2,39.0,2,G,1,0,,,,436.0,37.25864,-121.88448799999999
769,34787.0,35868.0,70655.0,94127,2.0,0,84.0,1.0,,0,0,,,,5959.0,37.723434000000005,-122.46356899999999
770,227971.0,216529.0,444500.0,94523,2.5,3,22.0,,Y,2,0,,,,4000.0,37.96334,-122.08748700000001
771,158400.0,105600.0,264000.0,94519,2.0,4,56.0,,Y,1,0,,,PUD,6120.0,37.99092,-122.026482
772,62428.0,145666.0,208094.0,94609,1.5,2,97.0,1.0,,0,0,,,,3500.0,37.832249,-122.260719
773,94690.0,95965.0,190655.0,94546,2.0,3,49.0,1.0,G,0,0,,,,5304.0,37.704766,-122.07833000000001
774,50610.0,118091.0,168701.0,94550,2.5,3,7.0,1.5,G,3,0,,,,3070.0,37.680969,-121.71933700000001
775,119700.0,279400.0,399100.0,94536,2.5,3,26.0,1.5,G,0,0,,,,3400.0,37.58245,-121.99326200000002
776,23123.0,22229.0,45352.0,94107,3.0,0,103.0,2.0,,0,0,,,,2495.0,37.763224,-122.395632
777,93620.0,153880.0,247500.0,94531,2.5,3,18.0,,Y,2,0,,,,8545.0,37.987416,-121.773777
778,100253.0,119351.0,219604.0,94598,2.5,2,36.0,,Y,1,0,,,,1392.0,37.927252,-122.042498
779,12793.0,33290.0,46083.0,95687,1.0,2,34.0,1,G,2,0,,,,5663.0,38.338286,-121.965447
780,53842.0,141345.0,195187.0,95123,1.0,2,24.0,1,C,1,0,,,,436.0,37.242175,-121.86655800000001
781,33528.0,53987.0,87515.0,94121,2.0,0,88.0,2,,0,0,,,,2060.0,37.77451,-122.480179
782,59960.0,63769.0,123729.0,94920,1.0,2,53.0,,Y,2,1,,,,4263.0,37.878494,-122.443722
783,116870.0,169222.0,286092.0,94954,2.0,4,38.0,1,,0,1,,1,,6098.0,38.24755,-122.610456
784,22847.0,15422.0,38269.0,94703,1.0,4,101.0,1,G,0,0,,,,4560.0,37.85537,-122.273941
785,22766.0,35321.0,58087.0,95125,1.0,1,94.0,1,Y,1,0,,,,19166.0,37.298855,-121.89829099999999
786,44014.0,192807.0,236821.0,94564,2.5,4,19.0,,Y,2,0,,,,2584.0,37.998548,-122.292567
787,51600.0,120400.0,172000.0,94541,2.5,2,36.0,2.0,G,2,0,,,,1008.0,37.666332000000004,-122.12106499999999
788,54523.0,127086.0,181609.0,94566,1.5,2,24.0,2.0,C,1,0,,,,857.0,37.66110000000001,-121.85448400000001
789,252940.0,241908.0,494848.0,94118,2.0,3,98.0,1.0,,0,0,,,,2500.0,37.7788,-122.46765900000001
790,17520.0,59362.0,76882.0,95401,2.0,3,45.0,1,G,1,1,P,1,,21850.0,38.455665,-122.800824
791,62493.0,58597.0,121090.0,94558,1.0,3,55.0,,,0,0,,,,6098.0,38.31389,-122.31333500000001
792,51600.0,120400.0,172000.0,94612,1.0,3,119.0,,,0,0,,,,3000.0,37.810688,-122.27725600000001
793,291443.0,450218.0,741661.0,94506,3.5,4,19.0,,Y,2,0,,,,7187.0,37.797203,-121.911102
794,702076.0,431775.0,1133851.0,95125,2.5,4,9.0,2,G,2,0,,,,3920.0,37.290657,-121.88963400000002
795,412310.0,274871.0,687181.0,94116,1.0,0,72.0,1.0,,0,0,,,,3000.0,37.747941,-122.482318
796,143650.0,616611.0,760261.0,94123,3.0,3,85.0,1,,0,0,,,,2500.0,37.800874,-122.438652
797,145382.0,343194.0,488576.0,94563,3.0,4,29.0,,Y,2,0,,,,3.73,37.864709000000005,-122.154624
798,182607.0,397941.0,580548.0,94523,2.5,4,11.0,,Y,2,0,,,,4350.0,37.948687,-122.097702
799,337202.0,354979.0,692181.0,94549,2.5,4,36.0,,Y,2,0,P,,,23920.0,37.898761,-122.139273
800,24654.0,121545.0,146199.0,93109,2.05,4,54.0,0,C,0,0,,1,,4792.0,34.400618,-119.71454399999999
801,379423.0,417365.0,796788.0,95070,2.0,3,79.0,1,G,2,0,,,,20473.0,37.2858,-122.009391
802,19181.0,89871.0,109052.0,95121,2.5,3,32.0,2,G,2,0,,,,5227.0,37.310831,-121.836299
803,82174.0,118165.0,200339.0,94804,2.5,2,20.0,,Y,1,0,,,,990.0,37.913858000000005,-122.34466599999999
804,214999.0,183381.0,398380.0,94903,2.0,3,54.0,,Y,2,1,P,,,7420.0,38.036011,-122.53935200000001
805,122750.0,184000.0,306750.0,95407,1.0,2,9.0,1,G,1,1,,,,21780.0,38.419584,-122.769546
806,187217.0,217056.0,404273.0,94558,2.0,4,45.0,,Y,2,0,,Y,,8276.0,38.31859,-122.322029
807,14269.0,39402.0,53671.0,94928,2.0,3,44.0,1.0,,0,1,,1,,6200.0,38.338639,-122.69596499999999
808,1074178.0,417733.0,1491911.0,95014,3.0,4,13.0,2,G,2,0,,,,6534.0,37.318957,-122.020955
809,182607.0,153908.0,336515.0,94116,1.0,2,69.0,1.0,,0,0,,,,1820.0,37.752119,-122.476473
810,560875.0,1147184.0,1708059.0,94024,3.5,3,8.0,2+B,G,2,0,,,,11761.0,37.357686,-122.08383700000002
811,120325.0,212310.0,332635.0,95404,4.0,3,24.0,2.0,,0,1,,2,,18861.0,38.453651,-122.687408
812,121106.0,282581.0,403687.0,94578,2.0,3,61.0,1.0,C,0,0,P,,,6200.0,37.706720000000004,-122.11163300000001
813,111593.0,169872.0,281465.0,94954,3.0,4,16.0,2,,0,1,,1,,6023.0,38.2678,-122.638403
814,207938.0,224062.0,432000.0,94803,2.5,4,30.0,,Y,3,0,,,,14500.0,37.976868,-122.27606899999999
815,223190.0,312710.0,535900.0,94923,3.0,3,9.0,2,,0,1,,2,,7400.0,38.31042,-123.018327
816,120668.0,157731.0,278399.0,95404,3.0,2,25.0,1.0,,0,1,,,,2.3900001,38.525619,-122.720827
817,165121.0,318427.0,483548.0,94506,3.0,6,14.0,,Y,2,0,,,,4800.0,37.794248,-121.917244
818,83546.0,121454.0,205000.0,94531,2.5,3,14.0,,Y,2,0,,,,4360.0,37.965343,-121.801217
819,177300.0,176500.0,353800.0,95127,2.0,3,54.0,1,G,1,0,,,,4792.0,37.348297,-121.82259499999999
820,737200.0,327600.0,1064800.0,95046,2.0,4,31.0,1,G,2,0,P,,,1.99,37.115645,-121.59220900000001
821,23649.0,94081.0,117730.0,94553,3.0,6,69.0,,Y,1,0,,,,8400.0,37.998036,-122.13452
822,94400.0,94400.0,188800.0,95111,1.5,2,26.0,2,G,0,0,,,,1742.0,37.300761,-121.83688400000001
823,150247.0,61033.0,211280.0,94803,2.0,3,64.0,,Y,1,0,,,,16117.0,37.970395,-122.308792
824,67118.0,156621.0,223739.0,95123,3.0,4,41.0,2,G,2,0,P,,,6098.0,37.230692,-121.82226499999999
825,234030.0,684545.0,918575.0,95404,3.0,4,9.0,2,,0,1,,3,,27615.0,38.482177,-122.68703300000001
826,152146.0,194508.0,346654.0,94089,2.0,3,52.0,1,C,0,0,,,,5227.0,37.394923,-122.000649
827,81000.0,231000.0,312000.0,94534,2.5,4,4.0,,G,2,0,,Y,,2614.0,38.223084,-122.13942
828,125129.0,141898.0,267027.0,94930,2.5,3,35.0,,Y,1,1,,,,3000.0,38.000674,-122.60051999999999
829,123583.0,234417.0,358000.0,94519,2.0,3,21.0,,Y,2,0,,,,5800.0,37.978177,-122.01302700000001
830,18281.0,37301.0,55582.0,95116,2.0,4,37.0,2,G,2,0,,,,4792.0,37.352262,-121.860572
831,41299.0,125971.0,167270.0,94598,2.5,4,33.0,,Y,2,0,,,,10332.0,37.925131,-122.034348
832,353530.0,513188.0,866718.0,94549,3.5,5,43.0,,Y,2,0,P,,,24750.0,37.894502,-122.136032
833,124171.0,256869.0,381040.0,95020,2.5,4,11.0,2,G,2,0,,,,3920.0,37.023795,-121.583017
834,238709.0,548722.0,787431.0,95472,4.0,3,28.0,2,G,2,2,P,5,,1.53,38.419271,-122.828034
835,25630.0,61160.0,86790.0,94564,1.5,3,49.0,,Y,2,0,,,SFR,6000.0,38.008686,-122.29562299999999
836,222130.0,175011.0,397141.0,94530,2.0,5,56.0,,Y,1,0,,,,4888.0,37.932811,-122.31034
837,105250.0,237750.0,343000.0,95404,0.0,0,,,,0,1,,,,3650.0,38.418887,-122.695502
838,22220.0,23470.0,45690.0,94112,1.0,0,88.0,1,,0,0,,,,3441.0,37.729359,-122.452175
839,226000.0,297000.0,523000.0,94558,3.0,4,13.0,,Y,8,0,,1,,6098.0,38.339736,-122.31338000000001
840,20073.0,75872.0,95945.0,95136,3.0,5,35.0,2,G,2,0,,,,6534.0,37.261057,-121.850954
841,137966.0,316210.0,454176.0,94949,3.0,4,21.0,,Y,2,1,,,,10500.0,38.073371,-122.554464
842,180000.0,150000.0,330000.0,95020,2.0,3,36.0,1,G,2,0,,,,6534.0,37.009282,-121.59051699999999
843,141600.0,217200.0,358800.0,95037,2.0,3,12.0,3,G,2,0,,,,2178.0,37.125628000000006,-121.6398
844,523480.0,124171.0,647651.0,95032,2.0,2,57.0,1,G,2,0,,,,9148.0,37.238973,-121.950299
845,290817.0,89183.0,380000.0,94523,1.0,3,59.0,,Y,2,0,,,,6424.0,37.953654,-122.06281299999999
846,182594.0,136310.0,318904.0,94131,2.0,3,60.0,1,,0,0,,,,2495.0,37.732605,-122.437001
847,52751.0,198039.0,250790.0,95148,3.5,5,30.0,2,G,2,0,,,,6970.0,37.332245,-121.784127
848,216988.0,359275.0,576263.0,95037,3.0,4,12.0,2,G,2,0,,,,7405.0,37.140387,-121.66425900000002
849,190700.0,445028.0,635728.0,94708,2.0,3,60.0,,,0,0,,,,5222.0,37.888686,-122.255249
850,40212.0,56300.0,96512.0,94124,1.0,2,101.0,1.0,,0,0,,,,2500.0,37.738907,-122.39036499999999
851,14223.0,154576.0,168799.0,95472,1.0,2,23.0,2,G,2,1,,1,,31363.0,38.393489,-122.88916699999999
852,65412.0,142201.0,207613.0,94521,2.0,3,48.0,,Y,1,0,,,,8500.0,37.969479,-121.986296
853,75160.0,77840.0,153000.0,94509,2.0,3,30.0,,Y,2,0,P,,,5000.0,38.013015,-121.81436200000002
854,182690.0,51280.0,233970.0,94530,1.0,2,67.0,,Y,1,0,,,,5000.0,37.909417,-122.30171000000001
855,431206.0,287469.0,718675.0,94121,2.0,4,83.0,2,,0,0,,,,2469.0,37.776428,-122.50399499999999
856,19890.0,34242.0,54132.0,94509,2.0,4,58.0,,Y,2,0,,,,5610.0,38.008788,-121.799858
857,80711.0,155289.0,236000.0,94513,2.5,3,7.0,,Y,2,0,,,,4349.0,37.921476,-121.69283600000001
858,39809.0,114973.0,154782.0,95129,2.0,4,50.0,1,G,2,0,P,,,7405.0,37.299878,-121.986755
859,99892.0,19006.0,118898.0,94561,0.0,0,79.0,,,0,0,,,,8.0,37.98431,-121.67666000000001
860,73041.0,109562.0,182603.0,94572,2.0,4,30.0,,Y,2,0,,,,4365.0,38.023158,-122.25758300000001
861,22858.0,57142.0,80000.0,94565,1.0,3,53.0,,Y,2,0,,,,6100.0,38.018767,-121.874276
862,145716.0,330792.0,476508.0,95117,0.0,0,46.0,2,V,3,3,,Y,,6534.0,37.309615,-121.965203
863,190253.0,244819.0,435072.0,94930,2.0,3,79.0,,Y,1,1,,,,24200.0,37.976963,-122.59770800000001
864,42784.0,78800.0,121584.0,94521,2.0,4,44.0,,Y,2,0,,,,8400.0,37.941709,-121.961106
865,103912.0,162588.0,266500.0,94513,2.5,4,5.0,,Y,2,0,,,,3114.0,37.932276,-121.68683600000001
866,15230.0,47523.0,62753.0,95148,2.0,4,41.0,1,G,2,0,P,,,5663.0,37.319927,-121.796815
867,296004.0,98736.0,394740.0,95127,2.0,3,51.0,1,G,1,0,,,,5663.0,37.351559,-121.80945600000001
868,80437.0,231402.0,311839.0,94517,3.5,4,26.0,,Y,2,0,,,,10800.0,37.951640000000005,-121.944346
869,128575.0,71425.0,200000.0,95110,1.0,2,98.0,1,G,0,0,,,,3485.0,37.343528000000006,-121.898274
870,15947.0,25101.0,41048.0,95122,2.0,2,42.0,1,G,2,0,,,,5663.0,37.339101,-121.82643
871,84464.0,271892.0,356356.0,95128,1.0,3,71.0,1,G,2,0,,,,13504.0,37.311278,-121.945877
872,20943.0,21705.0,42648.0,94605,1.0,2,84.0,1.0,G,0,0,,,,7200.0,37.774908,-122.190221
873,47482.0,151518.0,199000.0,94509,2.0,3,15.0,,Y,2,0,,,,6500.0,37.986514,-121.793901
874,21324.0,15612.0,36936.0,94601,1.0,2,94.0,1.0,G,0,0,,,,5000.0,37.770534000000005,-122.20043899999999
875,232345.0,362936.0,595281.0,94551,3.0,5,17.0,2.0,G,3,0,,,,8958.0,37.692485,-121.75570400000001
876,121700.0,182500.0,304200.0,95035,1.5,2,38.0,2,,0,0,,,,436.0,37.439486,-121.874408
877,109562.0,209388.0,318950.0,95125,1.0,3,68.0,1,G,1,0,,,,6098.0,37.303204,-121.879635
878,365218.0,531070.0,896288.0,94506,0.0,0,29.0,,,0,0,,,,2.5699999,37.778336,-121.90173999999999
879,303926.0,221074.0,525000.0,94582,2.5,4,3.0,,Y,2,0,,,,2961.0,37.769972,-121.92003000000001
880,121650.0,283850.0,405500.0,95403,0.0,0,,,,0,2,,,,3401.0,38.453788,-122.7687
881,35321.0,31737.0,67058.0,94117,3.0,0,,3.0,,0,0,,,,3436.0,37.771428,-122.443747
882,32275.0,26890.0,59165.0,94112,1.0,0,101.0,1,,0,0,,,,2500.0,37.721938,-122.43061499999999
883,24561.0,37127.0,61688.0,94580,2.0,3,53.0,1.0,,0,0,,,,7030.0,37.671828000000005,-122.148108
884,78859.0,151415.0,230274.0,94112,1.0,3,84.0,1.0,V,0,0,,,SFR,4553.0,37.710227,-122.436007
885,9669.0,26348.0,36017.0,95118,1.0,2,39.0,1,G,1,0,,,,436.0,37.257939,-121.884102
886,185795.0,233353.0,419148.0,95129,2.0,3,43.0,1,G,2,0,,,,6098.0,37.295171,-122.008755
887,22408.0,96148.0,118556.0,95136,3.0,5,33.0,2,G,2,0,,,,7405.0,37.26342,-121.85353799999999
888,162859.0,27141.0,190000.0,94521,1.0,2,59.0,,Y,1,0,,,,9900.0,37.965978,-121.99954
889,158091.0,297212.0,455303.0,95128,2.0,3,33.0,1,G,2,0,P,,,5663.0,37.297868,-121.93760400000001
890,304348.0,127823.0,432171.0,95125,1.0,2,60.0,1,M,1,0,,,,6970.0,37.298488,-121.883755
891,840000.0,360000.0,1200000.0,94040,2.0,3,52.0,1,G,2,0,,,SFR,7841.0,37.374096,-122.09145900000001
892,21105.0,112572.0,133677.0,94591,2.5,4,31.0,2,G,2,0,,Y,,6970.0,38.097628,-122.193793
893,95750.0,132250.0,228000.0,95404,2.0,3,53.0,1,,0,1,,1,,6000.0,38.436078,-122.69775200000001
894,39300.0,91700.0,131000.0,94603,2.0,3,27.0,1.0,G,2,0,,,,4342.0,37.745532,-122.17428000000001
895,316186.0,278116.0,594302.0,95135,2.5,4,13.0,1,G,2,0,,,,42253.0,37.278548,-121.744882
896,140001.0,76209.0,216210.0,95407,2.0,3,72.0,1.0,,0,1,,,,24912.0,38.376149,-122.74750900000001
897,811512.0,387937.0,1199449.0,94041,3.0,4,1.0,1,G,1,0,,,,7405.0,37.390441,-122.08713799999998
898,433449.0,433449.0,866898.0,94306,2.5,2,1.0,3,G,2,0,,,CND,871.0,37.40956,-122.120725
899,500000.0,140000.0,640000.0,95118,2.0,3,49.0,1,G,2,0,,,SFR,5663.0,37.247468,-121.88883500000001
900,49677.0,48779.0,98456.0,94040,1.0,3,57.0,1,G,1,0,,,,4792.0,37.371396000000004,-122.084868
901,517800.0,194000.0,711800.0,95125,2.0,3,48.0,1,G,2,0,,,,9583.0,37.273582,-121.90309099999999
902,115972.0,154635.0,270607.0,95046,2.0,3,34.0,1,G,2,0,,,,1.0599999,37.08915,-121.615978
903,364000.0,384000.0,748000.0,94558,2.0,3,33.0,,Y,2,0,,Y,,2.5,38.376803,-122.391746
904,94832.0,189677.0,284509.0,94127,1.0,0,61.0,2.0,,0,0,,,,4547.0,37.743132,-122.459797
905,62000.0,96000.0,158000.0,94533,2.0,3,25.0,1,G,2,0,,Y,,4792.0,38.261565000000004,-122.018127
906,30790.0,69050.0,99840.0,94947,2.5,3,29.0,,Y,1,1,,,,1320.0,38.076833,-122.5512
907,376208.0,376208.0,752416.0,95070,3.0,3,23.0,2,G,2,0,P,,,2614.0,37.283516,-121.99868500000001
908,611700.0,407700.0,1019400.0,94087,2.0,3,53.0,1,G,2,0,,,,14375.0,37.341958,-122.06320900000001
909,206954.0,97388.0,304342.0,94598,2.0,3,50.0,,Y,2,0,,,,7500.0,37.91451,-122.03730900000001
910,104381.0,135619.0,240000.0,94564,2.5,2,21.0,,Y,2,0,,,,1980.0,37.999767,-122.28911799999999
911,405907.0,224093.0,630000.0,94583,2.0,4,30.0,,Y,2,0,,,,5568.0,37.764141,-121.9721
912,29511.0,68923.0,98434.0,94611,3.0,4,49.0,1.0,,0,0,,,,13725.0,37.85272,-122.211222
913,87000.0,102000.0,189000.0,95688,2.0,3,51.0,1,G,2,0,,Y,,5227.0,38.365052,-121.995747
914,15230.0,30655.0,45885.0,95112,1.0,3,63.0,1,G,1,0,,,,6970.0,37.357656,-121.899745
915,90047.0,95108.0,185155.0,94558,1.0,3,56.0,,Y,1,0,,Y,,6534.0,38.315554,-122.312675
916,61000.0,174000.0,235000.0,95687,2.5,4,35.0,2,G,2,0,,Y,,6970.0,38.349852,-121.95589299999999
917,739135.0,203749.0,942884.0,94024,3.0,4,25.0,2,G,2,0,B,,,12632.0,37.358867,-122.07911200000001
918,603845.0,603845.0,1207690.0,94022,4.5,4,22.0,2,G,4,0,,,,15682.0,37.381043,-122.120774
919,15768.0,20967.0,36735.0,94806,1.0,2,68.0,,Y,1,0,,,,5000.0,37.950319,-122.35063600000001
920,68196.0,158092.0,226288.0,94538,1.0,3,55.0,1.0,G,0,0,,,,5600.0,37.537984,-121.96428600000002
921,75799.0,176875.0,252674.0,95118,2.5,3,24.0,2,G,1,0,,,,1742.0,37.248373,-121.88408100000001
922,18100.0,25639.0,43739.0,95128,1.0,2,69.0,1,G,1,0,,,,5227.0,37.318856,-121.925615
923,24739.0,31556.0,56295.0,95050,2.0,3,54.0,1,G,2,0,,,,6098.0,37.340134,-121.96561499999999
924,123992.0,185989.0,309981.0,95119,2.0,3,41.0,1,G,2,0,,,,6534.0,37.233663,-121.798736
925,28749.0,61392.0,90141.0,94536,3.0,3,55.0,1.0,G,0,0,,,,8580.0,37.576196,-121.98571299999999
926,62500.0,62500.0,125000.0,95111,2.0,2,38.0,1,C,1,0,,,,1307.0,37.289326,-121.83201100000001
927,34427.0,30299.0,64726.0,94116,1.0,2,83.0,1.0,,0,0,,,,2347.0,37.744777,-122.47195900000001
928,50000.0,136000.0,186000.0,94590,1.0,3,119.0,2,,0,0,,,,6534.0,38.101217,-122.250165
929,20683.0,41203.0,61886.0,94519,1.0,2,62.0,,Y,1,0,,,SFR,8640.0,37.974264,-122.005722
930,630000.0,90000.0,720000.0,94043,2.0,3,45.0,1,G,2,0,,,,5663.0,37.406429,-122.08270900000001
931,21868.0,39809.0,61677.0,95050,2.0,4,56.0,1,G,2,0,,,,5663.0,37.331933,-121.959259
932,118732.0,277041.0,395773.0,94550,2.0,3,19.0,1.0,G,0,0,,,,3300.0,37.68825,-121.73283799999999
933,108000.0,252000.0,360000.0,94541,3.0,3,22.0,1.0,G,0,0,,,,6300.0,37.683209000000005,-122.047799
934,34070.0,109104.0,143174.0,95125,2.5,3,45.0,1,G,2,0,,,,8276.0,37.285448,-121.90901399999998
935,15189.0,110837.0,126026.0,94590,3.0,3,73.0,2+,G,2,0,,Y,,6970.0,38.117375,-122.24078
936,61465.0,143419.0,204884.0,94587,1.5,4,38.0,2.0,G,0,0,,,,1449.0,37.585269,-122.07013300000001
937,47628.0,86133.0,133761.0,94536,2.0,3,55.0,1.0,G,0,0,,,,5415.0,37.554247,-122.02171499999999
938,259435.0,59937.0,319372.0,95051,2.0,3,55.0,1,G,1,0,,,,5227.0,37.355044,-121.99156200000002
939,104746.0,157123.0,261869.0,94110,1.0,0,82.0,1.0,,0,0,,,,2548.0,37.75219,-122.407799
940,298378.0,696215.0,994593.0,94502,3.0,4,16.0,2.0,G,3,0,,,,7783.0,37.738663,-122.25149099999999
941,117137.0,71863.0,189000.0,94803,2.0,3,53.0,,Y,2,0,,,SFR,9300.0,37.974862,-122.30224399999999
942,111162.0,304005.0,415167.0,95492,3.0,4,8.0,2,,0,1,,1,,4300.0,38.538989,-122.818897
943,111295.0,118883.0,230178.0,94553,2.5,3,24.0,,Y,2,0,,,,5670.0,37.989246,-122.080918
944,45909.0,125754.0,171663.0,95070,2.0,4,33.0,1,G,2,0,,,,9583.0,37.289859,-121.995698
945,202897.0,226768.0,429665.0,94517,2.0,3,15.0,,Y,2,0,,,,8250.0,37.954923,-121.925533
946,135750.0,126000.0,261750.0,95492,2.0,3,22.0,1,,0,1,,,,7405.0,38.551126000000004,-122.825002
947,74064.0,68733.0,142797.0,94577,3.0,4,69.0,2.0,G,0,0,,,,10500.0,37.728675,-122.15028899999999
948,428602.0,564327.0,992929.0,95014,3.0,4,20.0,2,G,2,0,,,,7405.0,37.308735,-122.05301499999999
949,191574.0,320302.0,511876.0,94507,3.5,4,31.0,,Y,2,0,,,,15150.0,37.855462,-122.01398799999998
950,103000.0,154750.0,257750.0,95404,1.0,2,63.0,1.0,,0,1,,,,6000.0,38.453325,-122.71278799999999
951,116477.0,58523.0,175000.0,94806,1.0,2,66.0,,Y,2,0,,,,8176.0,37.966356,-122.32713600000001
952,260187.0,406342.0,666529.0,95132,2.0,4,46.0,1,G,2,0,B,,,20473.0,37.41447,-121.84816799999999
953,22086.0,11804.0,33890.0,94607,1.0,1,109.0,2.0,G,0,0,,,,3750.0,37.816496,-122.27755800000001
954,44261.0,90739.0,135000.0,94565,1.0,3,37.0,,Y,2,0,,,,5600.0,37.994614,-121.86980600000001
955,103154.0,71846.0,175000.0,94806,1.0,3,66.0,,,0,0,,,,4500.0,37.966585,-122.33280800000001
956,1312885.0,596764.0,1909649.0,94022,2.5,4,34.0,2,G,2,0,,,,1.0,37.379081,-122.122681
957,453010.0,417460.0,870470.0,94085,0.0,0,48.0,2,V,4,4,,,MFD,6098.0,37.390329,-122.012042
958,1144440.0,1555398.0,2699838.0,95450,6.0,2,15.0,2,,0,1,,3,,1.1,38.545764,-123.294222
959,263972.0,329965.0,593937.0,94566,3.0,5,18.0,,G,0,0,,,SFR,10625.0,37.659198,-121.84558100000001
960,30463.0,22657.0,53120.0,94578,1.0,3,64.0,1.0,G,0,0,,,,6943.0,37.707797,-122.1255
961,18700.0,107156.0,125856.0,95465,1.0,2,20.0,2,,0,1,,1,,5.29,38.408122,-122.94605800000001
962,119352.0,421916.0,541268.0,94510,3.0,4,10.0,2,G,2,0,,Y,,8276.0,38.079553999999995,-122.15558500000002
963,44000.0,120000.0,164000.0,94571,2.0,3,9.0,,G,2,0,,Y,,5227.0,38.171483,-121.69503300000001
964,286086.0,206954.0,493040.0,94598,2.5,4,34.0,,Y,2,0,P,,SFR,11220.0,37.921354,-122.005232
965,11396.0,64650.0,76046.0,94571,2.5,6,58.0,,G,3,0,,Y,,13068.0,38.161807,-121.695035
966,49864.0,84457.0,134321.0,94565,2.0,3,26.0,,Y,2,0,,,,6000.0,38.016642,-121.91588300000001
967,98782.0,174718.0,273500.0,94565,3.0,4,4.0,,Y,2,0,,,,3600.0,38.023679,-121.88143000000001
968,95700.0,223300.0,319000.0,94501,2.0,2,38.0,3.0,,0,0,,,,2.3199999,37.764471,-122.269773
969,429293.0,351239.0,780532.0,95120,2.0,4,37.0,1,G,2,0,,,,7841.0,37.217588,-121.848226
970,114000.0,266000.0,380000.0,94566,2.5,2,21.0,1.5,G,0,0,,,PUD,1325.0,37.666005,-121.869813
971,101498.0,241495.0,342993.0,94043,2.0,3,44.0,2,G,2,0,,,,1742.0,37.402213,-122.082352
972,143221.0,285252.0,428473.0,94558,2.5,4,32.0,,Y,2,0,B,1,,8712.0,38.307291,-122.32678
973,52632.0,76134.0,128766.0,94563,2.0,4,53.0,,Y,2,0,,,,2.1700001,37.869667,-122.16757199999999
974,33170.0,75694.0,108864.0,94086,1.0,2,39.0,1,G,2,0,,,,6534.0,37.365471,-122.001125
975,45600.0,106400.0,152000.0,94603,1.0,2,67.0,1.0,,0,0,,,,4056.0,37.728714000000004,-122.182874
976,39419.0,115076.0,154495.0,94534,2.0,3,24.0,1,G,2,0,,Y,,8276.0,38.186571,-122.141214
977,205556.0,256944.0,462500.0,94803,2.5,4,25.0,,Y,2,0,,,,8800.0,37.973553,-122.271048
978,35147.0,74038.0,109185.0,96001,2.0,2,31.0,,G,4,0,,1,,1.0,40.558777,-122.441445
979,176664.0,390037.0,566701.0,94611,2.0,4,106.0,2.0,,0,1,,,,4400.0,37.828333,-122.254378
980,164900.0,165100.0,330000.0,95035,2.0,2,2.0,1,,0,0,,,,436.0,37.418144,-121.904531
981,56944.0,259160.0,316104.0,95120,3.0,4,32.0,2,G,2,0,P,,,8712.0,37.208856,-121.83283
982,430192.0,252706.0,682898.0,95125,2.0,4,70.0,1,M,1,0,,,,13504.0,37.313340000000004,-121.887798
983,130800.0,305200.0,436000.0,94587,2.0,3,44.0,1.0,G,0,0,,,,6900.0,37.5816,-122.017595
984,600000.0,250000.0,850000.0,94563,2.0,3,44.0,,Y,2,0,,,,23275.0,37.880151,-122.17351200000002
985,102257.0,189911.0,292168.0,95123,2.5,3,10.0,2,G,1,0,,,,2178.0,37.240319,-121.80483999999998
986,120177.0,180267.0,300444.0,94903,0.0,0,,,,0,3,,,,7076.0,38.009318,-122.51741499999999
987,378177.0,82630.0,460807.0,94040,1.5,3,57.0,1,G,1,0,,,,5227.0,37.37455,-122.090052
988,101400.0,236600.0,338000.0,94579,1.0,3,58.0,1.0,G,0,0,,,SFR,5088.0,37.695306,-122.147368
989,102065.0,238153.0,340218.0,94618,3.0,4,83.0,1.0,G,0,0,,,,5160.0,37.8437,-122.234351
990,97391.0,87043.0,184434.0,95404,3.0,4,70.0,2,G,1,1,,1,,12000.0,38.429786,-122.70618600000002
991,23085.0,402918.0,426003.0,95110,2.0,2,1.0,1,G,0,0,,,,436.0,37.334626,-121.894856
992,6699.0,44899.0,51598.0,95046,1.0,4,44.0,1+B,,0,0,,1.0,,7294.0,34.245655,-117.259202
993,227053.0,166947.0,394000.0,94521,2.0,4,48.0,,Y,2,0,P,,,7000.0,37.94174,-121.954181
994,224943.0,208071.0,433014.0,95476,2.0,3,30.0,1,,0,1,,1,,6000.0,38.301718,-122.47053100000001
995,57874.0,135170.0,193044.0,95123,2.0,3,32.0,1,G,2,0,,,,6098.0,37.254984,-121.811963
996,20943.0,38394.0,59337.0,94536,1.0,3,58.0,1,G,0,0,,,,7150.0,37.561212,-121.996153
997,273910.0,648911.0,922821.0,94539,3.5,4,10.0,1.5,G,3,0,,,,34383.0,37.487124,-121.901379
998,29762.0,41427.0,71189.0,94122,1.0,0,94.0,2,,0,0,,,,2247.0,37.763459000000005,-122.485557
999,263970.0,207215.0,471185.0,94114,1.0,0,97.0,2.0,,0,0,,,,1482.0,37.759376,-122.431024
